Country Name,Country Code,Indicator Name,Indicator Code,1960,1961,1962,1963,1964,1965,1966,1967,1968,1969,1970,1971,1972,1973,1974,1975,1976,1977,1978,1979,1980,1981,1982,1983,1984,1985,1986,1987,1988,1989,1990,1991,1992,1993,1994,1995,1996,1997,1998,1999,2000,2001,2002,2003,2004,2005,2006,2007,2008,2009,2010,2011,2012,2013,2014,2015,2016,2017,2018,2019,2020
Aruba,ABW,Expense (current LCU),GC.XPN.TOTL.CN,,,,,,,,,,,,,,,,,,,,,,,,,,,,,,,,,,,,,,,,,,,,,,,,,,,,,,,,,,,,,
Africa Eastern and Southern,AFE,Expense (current LCU),GC.XPN.TOTL.CN,,,,,,,,,,,,,,,,,,,,,,,,,,,,,,,,,,,,,,,,,,,,,,,,,,,,,,,,,,,,,
Afghanistan,AFG,Expense (current LCU),GC.XPN.TOTL.CN,,,,,,,,,,,,,,,,,,,,,,,,,,,,,,,,,,,,,,,,,,,,,,,71622005498,1.17681E+11,2.61228E+11,2.71089E+11,3.69383E+11,5.05827E+11,4.35481E+11,4.79367E+11,5.2458E+11,4.52696E+11,5.37139E+11,5.04159E+11,,,
Africa Western and Central,AFW,Expense (current LCU),GC.XPN.TOTL.CN,,,,,,,,,,,,,,,,,,,,,,,,,,,,,,,,,,,,,,,,,,,,,,,,,,,,,,,,,,,,,
Angola,AGO,Expense (current LCU),GC.XPN.TOTL.CN,,,,,,,,,,,,,,,,,,,,,,,,,,,,,,,,,,,,,,,,3374521503,20010727422,57193227496,1.40549E+11,3.44239E+11,3.17673E+11,6.71073E+11,8.01229E+11,1.04247E+12,1.48715E+12,1.42225E+12,1.97541E+12,2.80074E+12,2.86673E+12,3.72221E+12,4.00601E+12,2.90429E+12,2.8981E+12,3.37796E+12,3.99989E+12,5.06062E+12,
Albania,ALB,Expense (current LCU),GC.XPN.TOTL.CN,,,,,,,,,,,,,,,,,,,,,,,,,,,,,,,,,,,,57427000000,70476869000,84761692000,1.15583E+11,,,,1.51597E+11,1.55211E+11,1.68141E+11,,,,,,,2.99288E+11,3.06648E+11,3.26183E+11,3.40213E+11,3.50633E+11,3.52758E+11,3.70102E+11,3.80815E+11,3.91687E+11,
Andorra,AND,Expense (current LCU),GC.XPN.TOTL.CN,,,,,,,,,,,,,,,,,,,,,,,,,,,,,,,,,,,,,,,,,,,,,,,,,,,,,,,,,,,,,
Arab World,ARB,Expense (current LCU),GC.XPN.TOTL.CN,,,,,,,,,,,,,,,,,,,,,,,,,,,,,,,,,,,,,,,,,,,,,,,,,,,,,,,,,,,,,
United Arab Emirates,ARE,Expense (current LCU),GC.XPN.TOTL.CN,,,,,,,,,,,,,,,,,,,,,,,,,,,,,,,,,,,,,,17521000000,18200000000,19228000000,,,,,,,,,,,,53129057490,58444661620,57465244938,57670465806,56404645750,58559786520,57586165410,61451443059,65383483655,
Argentina,ARG,Expense (current LCU),GC.XPN.TOTL.CN,,,,,,,,,,,,,,,,,,,,,,,,,,,,,,,7116500000,20270600000,26745800000,33777300000,38360600000,40023900000,41273000000,43970500000,45137600000,47472200000,47839700000,45657900000,61506900000,74570306476,81869697588,,,,,,,,,,1.12507E+12,1.48913E+12,2.15413E+12,2.58857E+12,3.34527E+12,4.75072E+12,
Armenia,ARM,Expense (current LCU),GC.XPN.TOTL.CN,,,,,,,,,,,,,,,,,,,,,,,,,,,,,,,,,,,,,,,,,,,,,3.23511E+11,4.07003E+11,4.55489E+11,5.36714E+11,7.54312E+11,7.49658E+11,7.95755E+11,8.52607E+11,9.11898E+11,1.03127E+12,1.15827E+12,1.26484E+12,1.30288E+12,1.25923E+12,1.32837E+12,1.42373E+12,
American Samoa,ASM,Expense (current LCU),GC.XPN.TOTL.CN,,,,,,,,,,,,,,,,,,,,,,,,,,,,,,,,,,,,,,,,,,,,,,,,,,,,,,,,,,,,,
Antigua and Barbuda,ATG,Expense (current LCU),GC.XPN.TOTL.CN,,,,,,,,,,,,,,,,,,,,,,,,,,,,,,,,,,,,,,,,,,,,,,,,,,,,,,,,,,,,,
Australia,AUS,Expense (current LCU),GC.XPN.TOTL.CN,,,,,,,,,,,,,8045000000,9198000000,10952000000,15159000000,19710000000,22724000000,25741000000,28146000000,31452000000,35897000000,40963000000,48442000000,56568000000,62228000000,68157000000,73575000000,78538000000,81699000000,88289000000,96214000000,1.03435E+11,1.10919E+11,1.17084E+11,1.25875E+11,1.29932E+11,1.32517E+11,1.25668E+11,1.52355E+11,1.59233E+11,1.85185E+11,1.99377E+11,2.06436E+11,2.21256E+11,2.36492E+11,2.48888E+11,2.66234E+11,2.86916E+11,3.33861E+11,3.48319E+11,3.68777E+11,3.91978E+11,3.97847E+11,4.19947E+11,4.34695E+11,4.47373E+11,4.68131E+11,4.83138E+11,5.09718E+11,
Austria,AUT,Expense (current LCU),GC.XPN.TOTL.CN,,,,,,,,,,,,,9603715035,11596404148,13338371983,15772911928,17708916230,19448703880,22167394606,23935524662,25825745078,28417985073,30923017667,33343023045,35297195555,37113289681,39858869356,42047048393,44472140869,45757723305,48955328009,53150003997,57170265183,62370006468,65343052114,86040960000,88967970000,89686820000,92775730000,96031430000,98822450000,1.02799E+11,1.04237E+11,1.06741E+11,1.17798E+11,1.16652E+11,1.21025E+11,1.24888E+11,1.30942E+11,1.37824E+11,1.37375E+11,1.41132E+11,1.47043E+11,1.51012E+11,1.58248E+11,1.59288E+11,1.60912E+11,1.63738E+11,1.68389E+11,1.72912E+11,
Azerbaijan,AZE,Expense (current LCU),GC.XPN.TOTL.CN,,,,,,,,,,,,,,,,,,,,,,,,,,,,,,,,,,,128138600,423067800,431967800,512319600,645726600,717629200,,,,,,,,,7428500000,8216400000,8863500000,9623900000,12145100000,12174900000,13042700000,13480100000,16433200000,19665556000,17141500000,19887950000,
Burundi,BDI,Expense (current LCU),GC.XPN.TOTL.CN,,,,,,,,,,,,,,,,,,,,,,11923000000,,,,,,,,,,48791000000,62473000000,64391000000,58858000000,59037000000,59765000000,,88357300000,94029300000,,,,,,,,,,,,,,,,,,,,,
Belgium,BEL,Expense (current LCU),GC.XPN.TOTL.CN,,,,,,,,,,,,,,,,,,,,,,,,,,,,,,,,,,,,95925800000,98438400000,1.00168E+11,1.03334E+11,1.06162E+11,1.09306E+11,1.13762E+11,1.13247E+11,1.19669E+11,1.21396E+11,1.34962E+11,1.3199E+11,1.38456E+11,1.48089E+11,1.5383E+11,1.58255E+11,1.68588E+11,1.77305E+11,1.78926E+11,1.82045E+11,1.73325E+11,1.76364E+11,1.77811E+11,1.83393E+11,1.8862E+11,
Benin,BEN,Expense (current LCU),GC.XPN.TOTL.CN,,,,,,,,,,,,,,,,,,,,,,,,,,,,,,,,,,,,,,,,,,,,,,,,,,,,,,,,,,,,,
Burkina Faso,BFA,Expense (current LCU),GC.XPN.TOTL.CN,,,,,,,,,,,,,,,,,,,,,,,,,,,,,,,,,,,,,,,,,,,2.49878E+11,2.55847E+11,2.9265E+11,3.30694E+11,3.85677E+11,4.49415E+11,4.53634E+11,4.99075E+11,5.29961E+11,6.28254E+11,8.28666E+11,8.18972E+11,8.86632E+11,9.23206E+11,1.1187E+12,1.51455E+12,1.53316E+12,1.71131E+12,
Bangladesh,BGD,Expense (current LCU),GC.XPN.TOTL.CN,,,,,,,,,,,,,,,,,,,,,,,,,,,,,,,,,,,,,,,,,,2.28781E+11,2.47877E+11,2.72945E+11,2.91494E+11,3.47751E+11,4.02025E+11,4.7628E+11,5.92771E+11,6.96018E+11,7.39019E+11,9.01531E+11,1.01706E+12,1.13983E+12,1.27709E+12,1.36511E+12,1.63217E+12,,,,
Bulgaria,BGR,Expense (current LCU),GC.XPN.TOTL.CN,,,,,,,,,,,,,,,,,,,,,,,,,,,,,,,24291000,53429000,79414000,130570000,229767000,,,,,,,,,,,14797604000,15892784000,20842030000,23214949000,24779268000,23706513000,24232376000,25570169000,27259443000,31976230000,31015241000,30711862000,32943983000,35875394000,40344412000,
Bahrain,BHR,Expense (current LCU),GC.XPN.TOTL.CN,,,,,,,,,,,,,,,49700000,79100000,108100000,150900000,205600000,202700000,247700000,286800000,361900000,416500000,426200000,420600000,419000000,350800000,380800000,403100000,431300000,439800000,477200000,521900000,545200000,534200000,527100000,560900000,578100000,622100000,706900000,733700000,870500000,907800000,997600000,,,,,,,,,,,,,,,,
"Bahamas, The",BHS,Expense (current LCU),GC.XPN.TOTL.CN,,,,,,,,,,,,,,,,,,,,,,,,,,,,,,,525900000,543300000,562200000,539000000,558500000,595600000,658900000,711681000,731807000,793700000,828600000,867000000,922700000,999000000,1021297000,1117166000,1185862000,1260136000,1344984000,1421765000,1554082284,1667595690,1753318281,1702222984,1759590327,1902181502,2125147496,2456838826,2228551000,2452787000,
Bosnia and Herzegovina,BIH,Expense (current LCU),GC.XPN.TOTL.CN,,,,,,,,,,,,,,,,,,,,,,,,,,,,,,,,,,,,,,,,,,,,,,5757059240,6818055884,8133827300,9654217923,9875898631,9933764183,9998994544,10235423709,10006030874,10928784860,10552758090,10562831441,10777920420,11709689168,12185527447,
Belarus,BLR,Expense (current LCU),GC.XPN.TOTL.CN,,,,,,,,,,,,,,,,,,,,,,,,,,,,,,,,,2910,35820,532740,3489330,5318440,9983060,18189020,81881560,231452000,461462000,645051000,1031596011,1463253800,1968329400,2569319698,3367533810,4406444533,4514785700,5149342317,7819170000,15126500000,18950100000,22087100390,25274096426,27931198410,31007069922,34449851839,38517681615,
Belize,BLZ,Expense (current LCU),GC.XPN.TOTL.CN,,,,,,,,,,,,,,,,,,,,,,,,,,,,,,,137330000,150770000,188768000,220970000,245139000,231281000,239929000,252744000,264898000,291251000,297371000,338080000,352235000,424033000,537994000,548723000,620744000,612281000,633841000,669019000,689824000,729103000,702572026.1,767816086.2,831322724.3,904290259.2,952797423.7,1012632212,,,
Bermuda,BMU,Expense (current LCU),GC.XPN.TOTL.CN,,,,,,,,,,,,,,,,,,,,,,,,,,,,,,,,,,,,,,,,,,,,,,,,,,,,,,,,,,,,,
Bolivia,BOL,Expense (current LCU),GC.XPN.TOTL.CN,,,,,,,,,,,,,,,,,,,,,,,,,,,911000000,1087100000,1262000000,1658400000,2191700000,2779600000,3866100000,4984100000,5244300000,5707800000,7069000000,8199200000,9212900000,9874000000,10673200000,13041420000,16315688264,17461782696,18946100000,20013216364,21962623252,22467377442,,,,,,,,,,,,,
Brazil,BRA,Expense (current LCU),GC.XPN.TOTL.CN,,,,,,,,,,,,,,,,,,,,,,,,,,,,,,,,,,,,,,,,,,,,,,,,,,,1.19301E+12,1.37009E+12,1.48266E+12,1.64409E+12,1.85328E+12,2.21391E+12,2.28778E+12,2.38709E+12,2.48327E+12,2.57284E+12,
Barbados,BRB,Expense (current LCU),GC.XPN.TOTL.CN,,,,,,,,,,,,,,,,,,,,,,,,,,,,,,,,,,,,,,,,,,,,1732120000,1777000000,2146850287,2268689957,2734966561,2956990389,3035555520,3112335695,3006152565,3274721140,3322374972,3142013878,3327973412,3267460950,,,,
Brunei Darussalam,BRN,Expense (current LCU),GC.XPN.TOTL.CN,,,,,,,,,,,,,,,,,,,,,,,,,,,,,,,,,,,,,,,,,,,,,,,,,,,,,,,,,,,,,
Bhutan,BTN,Expense (current LCU),GC.XPN.TOTL.CN,,,,,,,,,,,,,,,,,,,,,,,213000000,229100000,307100000,441500000,422600000,,837700000,916500000,1079100000,1117300000,1182900000,1272000000,1653500000,1981100000,2616400000,2607700000,2675000000,3264600000,3786500000,4537400000,4827088000,5373245000,5409249000,7134193000,7849160000,9092154000,12352540000,14257030000,15734872000,18569342000,19915374000,21225505000,21715387355,25138919000,27902997000,29734935027,34168365158,,
Botswana,BWA,Expense (current LCU),GC.XPN.TOTL.CN,,,,,,,,,,,,,,,,,,,,,,,,,,,,,,,1881680000,2219100000,2668000000,3289000000,3324900000,4016100000,4667300000,,,,,,,,,,16963980000,20206620000,26190570000,28362430000,28774120000,30778690000,33493340000,35343960000,40453490000,42819550000,44033070000,46919370000,50492270800,51812653772,
Central African Republic,CAF,Expense (current LCU),GC.XPN.TOTL.CN,,,,,,,,,,,,,,,,,,,,,,,,,,,,,,,,,,,,,,,,,,,,,64826057946,,,,97850592085,1.54244E+11,1.73192E+11,1.54688E+11,1.04889E+11,,77390768917,93306810411,97567295289,1.0441E+11,1.24885E+11,,
Canada,CAN,Expense (current LCU),GC.XPN.TOTL.CN,,,,,,,,,,,,,,,,,,,,,,,,,,,,,,,1.67618E+11,1.78014E+11,1.83444E+11,1.87768E+11,1.88086E+11,1.94852E+11,1.92131E+11,1.84744E+11,1.89748E+11,1.99125E+11,2.07658E+11,2.14154E+11,2.14423E+11,2.26322E+11,2.30625E+11,2.53381E+11,2.54832E+11,2.67615E+11,2.83078E+11,2.96262E+11,3.1796E+11,3.16675E+11,3.20081E+11,3.24997E+11,3.27204E+11,3.39565E+11,3.5444E+11,3.76894E+11,3.9197E+11,4.18472E+11,
Central Europe and the Baltics,CEB,Expense (current LCU),GC.XPN.TOTL.CN,,,,,,,,,,,,,,,,,,,,,,,,,,,,,,,,,,,,,,,,,,,,,,,,,,,,,,,,,,,,,
Switzerland,CHE,Expense (current LCU),GC.XPN.TOTL.CN,,,,,,,,,,,,,15623000000,19425000000,22159000000,25603000000,29076000000,30302000000,30984000000,32573000000,34209000000,35270000000,39080000000,41261000000,44321000000,,,,,,51807133365,58165351744,64508843975,70712590768,72856484516,73505088135,76931208534,79257055034,81492911499,85975347170,87333633836,84757895692,93942181874,89458910936,91287526671,92852622373,93548191335,96343659878,97310332707,1.02003E+11,1.04385E+11,1.0575E+11,1.06332E+11,1.09925E+11,1.11333E+11,1.14023E+11,1.16881E+11,1.17828E+11,1.18576E+11,1.2067E+11,
Channel Islands,CHI,Expense (current LCU),GC.XPN.TOTL.CN,,,,,,,,,,,,,,,,,,,,,,,,,,,,,,,,,,,,,,,,,,,,,,,,,,,,,,,,,,,,,
Chile,CHL,Expense (current LCU),GC.XPN.TOTL.CN,,,,,,,,,,,,,80000000,320000000,2310000000,10370000000,34640000000,81840000000,1.3648E+11,1.9601E+11,2.7415E+11,3.4256E+11,3.962E+11,4.6621E+11,5.7425E+11,7.3295E+11,8.761E+11,1.02984E+12,1.22821E+12,1.41285E+12,1.69828E+12,2.26308E+12,2.76547E+12,3.30715E+12,3.82821E+12,4.40742E+12,5.09829E+12,5.70298E+12,6.50152E+12,7.19774E+12,8.50155E+12,9.10775E+12,9.73065E+12,1.02286E+13,1.09963E+13,1.1784E+13,1.296E+13,1.44628E+13,1.7282E+13,2.04885E+13,2.23862E+13,2.36876E+13,2.5897E+13,2.77314E+13,3.05893E+13,3.43178E+13,3.73423E+13,4.0072E+13,4.28464E+13,4.53354E+13,
China,CHN,Expense (current LCU),GC.XPN.TOTL.CN,,,,,,,,,,,,,,,,,,,,,,,,,,,,,,,,,,,,,,,,,,,,,,,,,,,,,,,,,,,,,
Cote d'Ivoire,CIV,Expense (current LCU),GC.XPN.TOTL.CN,,,,,,,,,,,,,,,,,,,,,,,,,,,,,,,,,,,,,,,,,,1.02117E+12,1.13756E+12,1.2717E+12,1.2531E+12,1.3343E+12,1.2881E+12,1.4676E+12,1.6749E+12,1.66996E+12,1.83671E+12,1.66172E+12,2.09838E+12,2.09727E+12,2.22266E+12,3.64436E+12,3.84407E+12,4.55765E+12,4.79044E+12,4.82114E+12,
Cameroon,CMR,Expense (current LCU),GC.XPN.TOTL.CN,,,,,,,,,,,,,,,,,,,,,,,,,,,,,,,4.8806E+11,5.2805E+11,4.7704E+11,4.5362E+11,4.4794E+11,4.8094E+11,,,6.746E+11,7.406E+11,,,,,,,,,,,,,1.96339E+12,2.15485E+12,2.3105E+12,2.3654E+12,2.3846E+12,2.2066E+12,2.52394E+12,,
"Congo, Dem. Rep.",COD,Expense (current LCU),GC.XPN.TOTL.CN,,,,,,,,,,,,,0.00125,0.001523333,0.002186667,0.00204,0.003356667,0.003583333,0.004303333,0.008556667,0.01373,0.02083,0.028826667,,,,,,0.98024,1.318703333,,,,,,,,,,,,,,,,,,,,,,,,,,,,,,,
"Congo, Rep.",COG,Expense (current LCU),GC.XPN.TOTL.CN,,,,,,,,,,,,,,,,,,,,,,,,,,,,,,,,,,,,,,,,,,4.406E+11,5.641E+11,3.97117E+11,7.04116E+11,7.52173E+11,7.49073E+11,7.76565E+11,7.95157E+11,6.34681E+11,6.99956E+11,7.5079E+11,1.05279E+12,9.64765E+11,1.1294E+12,1.09508E+12,1.07008E+12,1.10221E+12,1.39721E+12,,
Colombia,COL,Expense (current LCU),GC.XPN.TOTL.CN,,,,,,,,,,,,,,,,,,,,,,,,,,,,,,,,,,,,,,,2.71366E+13,3.35265E+13,3.53109E+13,,,7.52279E+13,,,,,1.17082E+14,1.2404E+14,1.38215E+14,1.49957E+14,1.66847E+14,2.37687E+14,2.30111E+14,2.15784E+14,2.47308E+14,2.53175E+14,2.99567E+14,3.27894E+14,
Comoros,COM,Expense (current LCU),GC.XPN.TOTL.CN,,,,,,,,,,,,,,,,,,,,,,,,,,,,,,,,,,,,,,,,,,,,,,,,,,,,,,,,,,,,,
Cabo Verde,CPV,Expense (current LCU),GC.XPN.TOTL.CN,,,,,,,,,,,,,,,,,,,,,,,,,,,,,,,,,,,,,,,,,,,,,,26064840199,28835337364,30285487701,30891300375,34370985538,35466927113,38748308701,37774562791,38440926586,40914763615,45177064305,46659799394,49202640490,,,
Costa Rica,CRI,Expense (current LCU),GC.XPN.TOTL.CN,,,,,,,,,,,,,,1580000000,1990000000,2740000000,3380000000,4250000000,6200000000,7360000000,8940000000,10330000000,16210000000,27120000000,32640000000,38610000000,59810000000,72730000000,81190000000,1.0375E+11,1.2679E+11,1.6227E+11,2.0483E+11,2.6381E+11,3.7887E+11,4.4803E+11,5.4558E+11,6.2775E+11,7.4126E+11,9.0095E+11,1.01953E+12,1.19576E+12,1.46718E+12,1.6265E+12,1.83585E+12,2.16885E+12,2.50862E+12,2.93904E+12,3.51231E+12,4.36159E+12,5.07201E+12,5.48773E+12,6.16261E+12,6.7522E+12,7.4864E+12,8.61556E+12,8.70224E+12,8.72216E+12,1.04152E+13,1.12128E+13,
Caribbean small states,CSS,Expense (current LCU),GC.XPN.TOTL.CN,,,,,,,,,,,,,,,,,,,,,,,,,,,,,,,,,,,,,,,,,,,,,,,,,,,,,,,,,,,,,
Cuba,CUB,Expense (current LCU),GC.XPN.TOTL.CN,,,,,,,,,,,,,,,,,,,,,,,,,,,,,,,,,,,,,,,,,,,,,,,,,,,,,,,,,,,,,
Curacao,CUW,Expense (current LCU),GC.XPN.TOTL.CN,,,,,,,,,,,,,,,,,,,,,,,,,,,,,,,,,,,,,,,,,,,,,,,,,,,,,,,,,,,,,
Cayman Islands,CYM,Expense (current LCU),GC.XPN.TOTL.CN,,,,,,,,,,,,,,,,,,,,,,,,,,,,,,,,,,,,,,,,,,,,,,,,,,,,,,,,,,,,,
Cyprus,CYP,Expense (current LCU),GC.XPN.TOTL.CN,,,,,,,,,,,,,79347450.94,106069977.5,125530947.9,132672901.9,147657336.6,168758564.4,205476409.3,242125910.3,318397878.6,385101678.9,468481429.2,593192248.4,609116413.9,688839757.1,691197627.1,832601482.4,944719909,1059486668,2200874508,2374019311,2687846091,2807917677,3179546971,3586183565,3885017957,4273212205,4941617089,5219606543,5753715354,6355655642,6902066383,8166944030,8469366485,9370312025,9968493389,10676879547,11856156262,7288200000,7584300000,7962400000,8041100000,7636700000,8538500000,7082100000,6878593000,7112302000,8410600000,8571200000,
Czech Republic,CZE,Expense (current LCU),GC.XPN.TOTL.CN,,,,,,,,,,,,,,,,,,,,,,,,,,,,,,,,,,3.69266E+11,4.19867E+11,7.54493E+11,6.86079E+11,6.91493E+11,7.75579E+11,7.84348E+11,8.01516E+11,9.46103E+11,9.95911E+11,1.08096E+12,1.06649E+12,1.09997E+12,1.15117E+12,1.24882E+12,1.29696E+12,1.38561E+12,1.397E+12,1.41912E+12,1.49691E+12,1.43897E+12,1.49804E+12,1.53832E+12,1.57508E+12,1.62559E+12,1.74285E+12,1.88428E+12,
Germany,DEU,Expense (current LCU),GC.XPN.TOTL.CN,,,,,,,,,,,,,98577074695,1.12065E+11,1.30763E+11,1.51097E+11,1.64887E+11,1.76227E+11,1.87884E+11,2.00304E+11,2.24196E+11,2.42066E+11,2.5448E+11,2.61521E+11,2.76404E+11,2.84094E+11,2.94427E+11,3.07286E+11,3.21408E+11,3.30254E+11,3.61294E+11,4.92956E+11,5.32859E+11,5.56896E+11,5.8351E+11,7.26119E+11,6.23503E+11,6.25464E+11,6.38616E+11,6.51256E+11,6.60424E+11,6.67825E+11,6.85328E+11,6.98317E+11,6.87595E+11,6.9781E+11,6.96253E+11,6.99926E+11,7.19957E+11,7.59303E+11,8.04368E+11,7.77765E+11,7.82245E+11,8.02528E+11,8.21208E+11,8.46973E+11,8.74684E+11,9.17308E+11,9.3958E+11,9.83928E+11,
Djibouti,DJI,Expense (current LCU),GC.XPN.TOTL.CN,,,,,,,,,,,,,,,,,,,,,,,,,,,,,,,,,,,,,,,,,,,,,,,,,,,,,,,,,,,,,
Dominica,DMA,Expense (current LCU),GC.XPN.TOTL.CN,,,,,,,,,,,,,,,,,,,,,,,,,,,,,,,,,,,,,,,,,,,,,,,,,,,,,,,,,,,,,
Denmark,DNK,Expense (current LCU),GC.XPN.TOTL.CN,,,,,,,,,,,,,46947000000,49844000000,62815000000,72155000000,80773000000,91009000000,1.04418E+11,1.21684E+11,1.4423E+11,1.67713E+11,1.97084E+11,2.1995E+11,2.39726E+11,2.48839E+11,2.50395E+11,2.61872E+11,2.84012E+11,3.02704E+11,3.1659E+11,3.25856E+11,3.46829E+11,3.74064E+11,4.04343E+11,4.38683E+11,4.45984E+11,4.50766E+11,4.62246E+11,4.73961E+11,4.88216E+11,5.02328E+11,5.16702E+11,5.32768E+11,5.54391E+11,5.53506E+11,5.58994E+11,6.27145E+11,6.62238E+11,7.22308E+11,7.65453E+11,7.82813E+11,8.24775E+11,7.99152E+11,8.1051E+11,8.23588E+11,8.09053E+11,8.11881E+11,8.29202E+11,8.33209E+11,
Dominican Republic,DOM,Expense (current LCU),GC.XPN.TOTL.CN,,,,,,,,,,,,,225800000,250300000,329800000,337000000,410600000,,513500000,815800000,933100000,956600000,908700000,1048200000,1157300000,1680700000,2003400000,1899500000,3104800000,3597900000,4158700000,6870500000,10180600000,13988700000,14738700000,16524900000,19014000000,28706600000,32488000000,37666000000,43214500000,52003494922,59249421263,67337396583,1.24783E+11,1.47298E+11,1.73566E+11,1.98144E+11,2.55838E+11,2.62047E+11,2.81789E+11,3.09782E+11,3.77824E+11,4.04842E+11,4.5763E+11,4.87436E+11,5.63163E+11,6.09166E+11,6.65221E+11,7.23755E+11,
Algeria,DZA,Expense (current LCU),GC.XPN.TOTL.CN,,,,,,,,,,,,,,,,,,,,,,,,,,,,,,,,,,,,,,,,,,,,,,,,,,,,,,,,,,,,,
East Asia & Pacific (excluding high income),EAP,Expense (current LCU),GC.XPN.TOTL.CN,,,,,,,,,,,,,,,,,,,,,,,,,,,,,,,,,,,,,,,,,,,,,,,,,,,,,,,,,,,,,
Early-demographic dividend,EAR,Expense (current LCU),GC.XPN.TOTL.CN,,,,,,,,,,,,,,,,,,,,,,,,,,,,,,,,,,,,,,,,,,,,,,,,,,,,,,,,,,,,,
East Asia & Pacific,EAS,Expense (current LCU),GC.XPN.TOTL.CN,,,,,,,,,,,,,,,,,,,,,,,,,,,,,,,,,,,,,,,,,,,,,,,,,,,,,,,,,,,,,
Europe & Central Asia (excluding high income),ECA,Expense (current LCU),GC.XPN.TOTL.CN,,,,,,,,,,,,,,,,,,,,,,,,,,,,,,,,,,,,,,,,,,,,,,,,,,,,,,,,,,,,,
Europe & Central Asia,ECS,Expense (current LCU),GC.XPN.TOTL.CN,,,,,,,,,,,,,,,,,,,,,,,,,,,,,,,,,,,,,,,,,,,,,,,,,,,,,,,,,,,,,
Ecuador,ECU,Expense (current LCU),GC.XPN.TOTL.CN,,,,,,,,,,,,,,,,,,,,,,,,,,,,,,,,,,,,,,,,,,,,,,,,,,,,,,,,,,,,,
"Egypt, Arab Rep.",EGY,Expense (current LCU),GC.XPN.TOTL.CN,,,,,,,,,,,,,,,,2694000000,2933000000,3484000000,3658000000,4913000000,,7015000000,10412000000,10056000000,11993000000,13358000000,15524000000,15527000000,19805000000,20966000000,23101000000,30727000000,48607000000,48864000000,54250000000,57375000000,61819000000,64433000000,,,,,1.03244E+11,1.14113E+11,1.30499E+11,1.47489E+11,2.02381E+11,2.18489E+11,2.715E+11,3.13464E+11,3.48228E+11,4.00223E+11,4.80463E+11,5.99081E+11,7.01209E+11,7.388E+11,,,,,
Euro area,EMU,Expense (current LCU),GC.XPN.TOTL.CN,,,,,,,,,,,,,,,,,,,,,,,,,,,,,,,,,,,,,,,,,,,,,,,,,,,,,,,,,,,,,
Eritrea,ERI,Expense (current LCU),GC.XPN.TOTL.CN,,,,,,,,,,,,,,,,,,,,,,,,,,,,,,,,,,,,,,,,,,,,,,,,,,,,,,,,,,,,,
Spain,ESP,Expense (current LCU),GC.XPN.TOTL.CN,,,,,,,,,,,,,3654153595,4459509815,5529912372,6846128881,8382315820,11598331590,15504910269,19501640763,23160001442,26403062758,34006466890,39680622168,45920930848,54732970322,62454172827,69936172515,76636856466,86761506377,96414962797,1.08692E+11,1.23103E+11,1.39088E+11,1.4423E+11,,,,,,,,,,,,,,,,,,,,,,,3.68811E+11,3.87036E+11,4.01444E+11,
Estonia,EST,Expense (current LCU),GC.XPN.TOTL.CN,,,,,,,,,,,,,,,,,,,,,,,,,,,,,,,,1568932.816,,,,1063400000,1322400000,1544500000,1815200000,2004100000,2058600000,2188200000,2405500000,2688400000,2992900000,3405100000,4017100000,4793700000,5699300000,5757800000,5583800000,5788700000,6112900000,6472300000,6793600000,7459200000,7893200000,8339900000,9214400000,10005100000,
Ethiopia,ETH,Expense (current LCU),GC.XPN.TOTL.CN,,,,,,,,,,,,,,,,,,,,,,,,,,,,,,,4053900000,3699800000,3350700000,3948400000,4984000000,5686400000,5992500000,6918700000,8610900000,10503300000,,9948300000,11566100000,11664200000,14118000000,15934300000,12622900000,13332980000,32221750000,41073300000,48246900000,54515559000,63271500000,88529235020,1.01334E+11,1.34698E+11,1.5821E+11,2.05868E+11,2.37998E+11,2.61149E+11,
European Union,EUU,Expense (current LCU),GC.XPN.TOTL.CN,,,,,,,,,,,,,,,,,,,,,,,,,,,,,,,,,,,,,,,,,,,,,,,,,,,,,,,,,,,,,
Fragile and conflict affected situations,FCS,Expense (current LCU),GC.XPN.TOTL.CN,,,,,,,,,,,,,,,,,,,,,,,,,,,,,,,,,,,,,,,,,,,,,,,,,,,,,,,,,,,,,
Finland,FIN,Expense (current LCU),GC.XPN.TOTL.CN,,,,,,,,,,,,,2124045323,2486994869,3326084434,4505754550,5254190823,5944265885,6570093159,7571820449,8540414718,9830247926,11579065985,13410296128,14436242480,16199524701,17710525032,19449251816,21177550948,23087661229,25609807374,29922313997,33172209300,35914345253,36690532533,47924000000,45840000000,44677000000,45238000000,46323000000,46263000000,48098000000,50959000000,52954000000,54921000000,57121000000,59268000000,61061000000,64827000000,69470000000,72215000000,75008000000,78198000000,81912000000,83902000000,85451000000,86103000000,85762000000,87261000000,88951000000,
Fiji,FJI,Expense (current LCU),GC.XPN.TOTL.CN,,,,,,,,,,,,,,,,,,,,,,,,,,,,,,,474340000,481480000,557390000,695620000,721100000,741590000,805640000,,,,,,,,1177970000,1245440000,1412878203,,,,1435927581,1505556868,1634791583,1881362004,2335843705,2585475092,2615651682,2792984537,3265136563,3185047194,
France,FRA,Expense (current LCU),GC.XPN.TOTL.CN,,,,,,,,,,,,,46954297309,52671135456,65110975262,79182019553,92048716608,1.04717E+11,1.2234E+11,1.41351E+11,1.64736E+11,1.98245E+11,2.33994E+11,2.6456E+11,2.9037E+11,3.13298E+11,3.32125E+11,3.47608E+11,3.67552E+11,3.86794E+11,4.10347E+11,4.38748E+11,4.69741E+11,4.99636E+11,5.17991E+11,5.73806E+11,5.90284E+11,6.12548E+11,6.16282E+11,6.35901E+11,6.52542E+11,6.82566E+11,7.20421E+11,7.44165E+11,7.67081E+11,7.97153E+11,8.26204E+11,8.57987E+11,8.90249E+11,9.29889E+11,9.84157E+11,9.7949E+11,1.00413E+12,1.01878E+12,1.03811E+12,1.05507E+12,1.06974E+12,1.09597E+12,1.10494E+12,1.12769E+12,
Faroe Islands,FRO,Expense (current LCU),GC.XPN.TOTL.CN,,,,,,,,,,,,,,,,,,,,,,,,,,,,,,,,,,,,,,,,,,,,,,,,,,,,,,,,,,,,,
"Micronesia, Fed. Sts.",FSM,Expense (current LCU),GC.XPN.TOTL.CN,,,,,,,,,,,,,,,,,,,,,,,,,,,,,,,,,,,,,,,,,,,,,,,,,47932623.43,46683832,49814514.78,48816259,57085248,57720850,57789056.79,65363677.79,73648321,81273952.97,86444225.17,93401394.96,
Gabon,GAB,Expense (current LCU),GC.XPN.TOTL.CN,,,,,,,,,,,,,,,,,,,,,,,,,,,,,,,,,,,,,,,,,,,,,,,,,,,,,1.42715E+12,1.41923E+12,1.37101E+12,1.46134E+12,1.41991E+12,1.3582E+12,1.28332E+12,1.33887E+12,
United Kingdom,GBR,Expense (current LCU),GC.XPN.TOTL.CN,,,,,,,,,,,,,20084000000,22665000000,29324000000,39873000000,47178000000,52074000000,60412000000,70438000000,86445000000,1.00865E+11,1.11061E+11,1.19128E+11,1.27744E+11,1.36994E+11,1.43518E+11,1.51095E+11,1.58477E+11,1.67997E+11,2.00605E+11,2.25389E+11,2.53009E+11,2.64473E+11,2.76317E+11,3.01027E+11,3.10217E+11,3.14732E+11,3.23318E+11,3.34657E+11,3.58223E+11,3.76971E+11,4.08304E+11,4.48471E+11,4.7781E+11,5.12542E+11,5.42521E+11,5.7373E+11,6.34238E+11,6.55592E+11,6.88219E+11,6.92169E+11,7.255E+11,7.15483E+11,7.35526E+11,7.41735E+11,7.51581E+11,7.70552E+11,7.93332E+11,8.16539E+11,
Georgia,GEO,Expense (current LCU),GC.XPN.TOTL.CN,,,,,,,,,,,,,,,,,,,,,,,,,,,,,,,,,,,,345400000,674300000,914500000,859300000,966100000,911200000,1071800000,1149100000,1248700000,1940600000,2527800000,3230600000,4440600000,5633900000,5632000000,5549900000,6039300000,6771400000,7168500000,8323000000,9565500000,10481500000,11104800000,10761600000,12115000000,14443300000
Ghana,GHA,Expense (current LCU),GC.XPN.TOTL.CN,,,,,,,,,,,,,,,,,,,,,,,,,,,,,,,,,,,,,,,,,,712365300,978658300,1456817408,1875713086,2212273634,2921915559,4136575547,6200523340,6597796462,9280938302,12645724165,20247720934,24000689742,28851277192,55081089581,40162940976,45609218533,54317082833,62434270585,
Gibraltar,GIB,Expense (current LCU),GC.XPN.TOTL.CN,,,,,,,,,,,,,,,,,,,,,,,,,,,,,,,,,,,,,,,,,,,,,,,,,,,,,,,,,,,,,
Guinea,GIN,Expense (current LCU),GC.XPN.TOTL.CN,,,,,,,,,,,,,,,,,,,,,,,,,,,,,,1.60133E+11,2.02712E+11,2.56763E+11,2.79476E+11,,,,,,,,,,,,,,,,,,,,,,,,,,,,
"Gambia, The",GMB,Expense (current LCU),GC.XPN.TOTL.CN,,,,,,,,,,,,,,,,,,,,,,,,,,,,,,,428710000,,,,,,,,,,,,,,,,,,,,,,,,,,,,,,
Guinea-Bissau,GNB,Expense (current LCU),GC.XPN.TOTL.CN,,,,,,,,,,,,,,,,,,,,,,,,,,,,,,,,,,,,,,,,,,,,,,,,,,,,,,,,,,98995327330,,1.23544E+11,
Equatorial Guinea,GNQ,Expense (current LCU),GC.XPN.TOTL.CN,,,,,,,,,,,,,,,,,,,,,,,,,,,,,,,,,,,,,,,,,,,,,,,1.94412E+11,2.14635E+11,3.67821E+11,3.45265E+11,4.53925E+11,5.00582E+11,8.15431E+11,8.7186E+11,7.62179E+11,7.75122E+11,6.82506E+11,7.01522E+11,7.50849E+11,7.59747E+11,
Greece,GRC,Expense (current LCU),GC.XPN.TOTL.CN,,,,,,,,,,,,,239148936.2,307028613.4,406016140.9,480616287.6,646661775.5,794218635.4,961760821.7,1183037417,1521261922,2057872340,3607278063,3496962583,4963433602,6120586941,7272017608,8959119589,10834101247,14440733676,19258547322,,,,,39890000000,43702000000,48649000000,53496000000,55914000000,60520000000,64582000000,68650000000,75180000000,84175000000,85561000000,92416000000,1.02501E+11,1.14246E+11,1.21773E+11,1.14207E+11,1.11472E+11,1.05645E+11,1.08213E+11,86758000000,90452000000,84182000000,84154000000,85982000000,85571000000,
Grenada,GRD,Expense (current LCU),GC.XPN.TOTL.CN,,,,,,,,,,,,,,,,,,,,,,,,,,,,,,,,,,,,,,,,,,,,,,,,,,,,,,,,,,,,,
Greenland,GRL,Expense (current LCU),GC.XPN.TOTL.CN,,,,,,,,,,,,,,,,,,,,,,,,,,,,,,,,,,,,,,,,,,,,,,,,,,,,,,,,,,,,,
Guatemala,GTM,Expense (current LCU),GC.XPN.TOTL.CN,,,,,,,,,,,,,,,,,,,,,,,,,,,,,,,3133570000,3859580000,5194670000,5542040000,5930970000,6439592000,7634800000,8918270000,11674560000,14229760000,16381880000,19380430000,20758690000,24968560000,24128930000,26660700000,29905500000,32608300000,34564500000,38244513141,42143089467,46513924130,51170792587,54267625831,56411557659,57798957332,61516737917,64928081312,68643690169,74684077789,
Guam,GUM,Expense (current LCU),GC.XPN.TOTL.CN,,,,,,,,,,,,,,,,,,,,,,,,,,,,,,,,,,,,,,,,,,,,,,,,,,,,,,,,,,,,,
Guyana,GUY,Expense (current LCU),GC.XPN.TOTL.CN,,,,,,,,,,,,,,,,,,,,,,,,,,,,,,,,,,,,,,,,,,,,,,,,,,,,,,,,,,,,,
High income,HIC,Expense (current LCU),GC.XPN.TOTL.CN,,,,,,,,,,,,,,,,,,,,,,,,,,,,,,,,,,,,,,,,,,,,,,,,,,,,,,,,,,,,,
"Hong Kong SAR, China",HKG,Expense (current LCU),GC.XPN.TOTL.CN,,,,,,,,,,,,,,,,,,,,,,,,,,,,,,,,,,,,,,,,,,,,,,,,,,,,,,,,,,,,,
Honduras,HND,Expense (current LCU),GC.XPN.TOTL.CN,,,,,,,,,,,,,211500000,203200000,220400000,267500000,338500000,,,,,,,,,,,,,,,,,,,,,,,,,,,29852600000,31560650000,36531900000,41068250000,52374771000,57855056000,65070200000,68081600000,75395166608,84914253465,89969723248,1.00515E+11,1.01179E+11,,,,,
Heavily indebted poor countries (HIPC),HPC,Expense (current LCU),GC.XPN.TOTL.CN,,,,,,,,,,,,,,,,,,,,,,,,,,,,,,,,,,,,,,,,,,,,,,,,,,,,,,,,,,,,,
Croatia,HRV,Expense (current LCU),GC.XPN.TOTL.CN,,,,,,,,,,,,,,,,,,,,,,,,,,,,,,,,160920000,986730000,13638020000,32850630000,,,,,,,84086715000,89445831000,92449123000,98269937000,1.04084E+11,1.12607E+11,1.20304E+11,1.2902E+11,1.32172E+11,1.37036E+11,1.40612E+11,1.35498E+11,1.33474E+11,1.37733E+11,1.38359E+11,1.40189E+11,1.4195E+11,1.49076E+11,1.55037E+11,
Haiti,HTI,Expense (current LCU),GC.XPN.TOTL.CN,,,,,,,,,,,,,,,,,,,,,,,,,,,,,,,,,,,,,,,,,,,,,,,,,,,,,,,,,,,,,
Hungary,HUN,Expense (current LCU),GC.XPN.TOTL.CN,,,,,,,,,,,,,,,,,,,,,,4.151E+11,4.37E+11,4.575E+11,4.816E+11,5.12E+11,6.045E+11,6.661E+11,7.485E+11,9.056E+11,1.0608E+12,1.2923E+12,1.5741E+12,1.8601E+12,2.3202E+12,2.97935E+12,3.34039E+12,3.94274E+12,4.71696E+12,5.11319E+12,5.51045E+12,6.30415E+12,7.48218E+12,8.16299E+12,8.78397E+12,9.44183E+12,1.04271E+13,1.09082E+13,1.20687E+13,1.19343E+13,1.19635E+13,1.2837E+13,1.29324E+13,1.42448E+13,1.47692E+13,1.51294E+13,1.57559E+13,1.64339E+13,1.71834E+13,1.85794E+13,
IBRD only,IBD,Expense (current LCU),GC.XPN.TOTL.CN,,,,,,,,,,,,,,,,,,,,,,,,,,,,,,,,,,,,,,,,,,,,,,,,,,,,,,,,,,,,,
IDA & IBRD total,IBT,Expense (current LCU),GC.XPN.TOTL.CN,,,,,,,,,,,,,,,,,,,,,,,,,,,,,,,,,,,,,,,,,,,,,,,,,,,,,,,,,,,,,
IDA total,IDA,Expense (current LCU),GC.XPN.TOTL.CN,,,,,,,,,,,,,,,,,,,,,,,,,,,,,,,,,,,,,,,,,,,,,,,,,,,,,,,,,,,,,
IDA blend,IDB,Expense (current LCU),GC.XPN.TOTL.CN,,,,,,,,,,,,,,,,,,,,,,,,,,,,,,,,,,,,,,,,,,,,,,,,,,,,,,,,,,,,,
Indonesia,IDN,Expense (current LCU),GC.XPN.TOTL.CN,,,,,,,,,,,,,4.76E+11,7.64E+11,1.417E+12,1.678E+12,1.998E+12,2.333E+12,2.821E+12,4.249E+12,6.155E+12,7.432E+12,8.086E+12,9.86E+12,1.0955E+13,1.2929E+13,1.5026E+13,1.4841E+13,1.5965E+13,1.9358E+13,2.4882E+13,2.556E+13,3.0433E+13,3.53178E+13,3.8164E+13,4.4138E+13,5.5189E+13,8.10959E+13,1.28355E+14,1.79577E+14,,,2.86273E+14,3.27382E+14,3.86937E+14,,,,9.12962E+14,8.61522E+14,9.61809E+14,1.18E+15,1.35E+15,1.47E+15,1.68E+15,1.67E+15,1.84E+15,1.94E+15,2.20E+15,2.29E+15,
IDA only,IDX,Expense (current LCU),GC.XPN.TOTL.CN,,,,,,,,,,,,,,,,,,,,,,,,,,,,,,,,,,,,,,,,,,,,,,,,,,,,,,,,,,,,,
Isle of Man,IMN,Expense (current LCU),GC.XPN.TOTL.CN,,,,,,,,,,,,,,,,,,,,,,,,,,,,,,,,,,,,,,,,,,,,,,,,,,,,,,,,,,,,,
India,IND,Expense (current LCU),GC.XPN.TOTL.CN,,,,,,,,,,,,,,,69320000000,86170000000,97590000000,1.0928E+11,1.2698E+11,1.5216E+11,1.721E+11,1.9655E+11,2.3113E+11,2.7184E+11,3.3145E+11,4.0913E+11,4.8833E+11,5.7056E+11,6.6635E+11,7.8784E+11,8.9206E+11,1.01584E+12,1.15066E+12,1.3267E+12,1.50059E+12,1.71744E+12,1.964E+12,2.25574E+12,2.55346E+12,2.94343E+12,3.29765E+12,3.59919E+12,4.00138E+12,4.35009E+12,4.82203E+12,5.51138E+12,6.46256E+12,7.47431E+12,9.4996E+12,1.07286E+13,1.26008E+13,1.26588E+13,1.60762E+13,1.86911E+13,1.84565E+13,2.08309E+13,2.35061E+13,2.66846E+13,2.96028E+13,,
Not classified,INX,Expense (current LCU),GC.XPN.TOTL.CN,,,,,,,,,,,,,,,,,,,,,,,,,,,,,,,,,,,,,,,,,,,,,,,,,,,,,,,,,,,,,
Ireland,IRL,Expense (current LCU),GC.XPN.TOTL.CN,,,,,,,,,,,,,920560106.9,1111020819,1352271054,1895718951,2359173350,2792154034,3429562550,4196484349,5414163166,6876901433,8756113789,9865864869,10604852431,11713333774,12202182934,12958946828,12932282329,12363439670,13529059226,14581672093,15683804745,16961161252,17992188571,20374931000,21267287000,22953626000,25010742000,27288944000,30041057000,35381080000,40084342000,43273015000,46438051000,51816147000,56698655000,62920316000,69424728000,74662711000,1.04385E+11,75969739000,70252315000,68990617000,68573289000,72066984000,70695522000,73235809000,76782568000,79003223000,
"Iran, Islamic Rep.",IRN,Expense (current LCU),GC.XPN.TOTL.CN,,,,,,,,,,,,,2.698E+11,3.446E+11,1.0335E+12,1.2025E+12,1.4123E+12,1.5907E+12,1.6093E+12,1.6497E+12,1.8476E+12,2.1859E+12,2.4464E+12,2.7714E+12,2.7659E+12,2.8995E+12,2.7919E+12,3.2656E+12,4.0186E+12,4.0837E+12,5.5716E+12,7.102E+12,9.983E+12,1.5741E+13,2.1712E+13,2.9363E+13,4.2215E+13,5.0413E+13,6.4232E+13,7.87547E+13,9.79201E+13,1.29546E+14,1.78988E+14,2.1609E+14,2.72614E+14,3.94213E+14,5.05975E+14,5.46384E+14,7.09549E+14,8.06599E+14,,,,,,,,,,,
Iraq,IRQ,Expense (current LCU),GC.XPN.TOTL.CN,,,,,,,,,,,,,,,,,,,,,,,,,,,,,,,,,,,,,,,,,,,,,,,,,,,,,,,6.84715E+13,5.26241E+13,5.23031E+13,5.75776E+13,6.58405E+13,7.62531E+13,
Iceland,ISL,Expense (current LCU),GC.XPN.TOTL.CN,,,,,,,,,,,,,169500000,246600000,406500000,570400000,684700000,988400000,1605900000,2479300000,3707900000,5895400000,9636200000,17750100000,21061300000,31156600000,45738200000,57066700000,78293700000,1.01432E+11,1.10928E+11,1.24995E+11,1.2671E+11,1.27471E+11,1.34336E+11,1.3936E+11,1.47733E+11,1.46027E+11,1.76837E+11,1.94144E+11,2.08218E+11,2.37254E+11,2.60023E+11,2.80028E+11,2.96095E+11,3.53545E+11,4.00091E+11,4.48952E+11,8.07772E+11,6.77477E+11,6.38131E+11,6.78725E+11,6.83984E+11,6.82849E+11,7.16336E+11,7.44339E+11,8.91497E+11,8.30903E+11,8.7781E+11,9.4023E+11,
Israel,ISR,Expense (current LCU),GC.XPN.TOTL.CN,,,,,,,,,,,,,1400000,2500000,3500000,5200000,7200000,10700000,15900000,33600000,80400000,197200000,438200000,1363600000,6766100000,19703000000,26530100000,32240000000,34701700000,42202400000,52707300000,48983000000,76285000000,84433000000,99961000000,1.22659E+11,1.46273E+11,1.62039E+11,1.79243E+11,1.94231E+11,2.26088E+11,2.44091E+11,2.76644E+11,2.51284E+11,2.53757E+11,2.63975E+11,2.77799E+11,2.85848E+11,3.0588E+11,3.22467E+11,3.32268E+11,3.52433E+11,3.74938E+11,3.98632E+11,4.0259E+11,4.15244E+11,4.34866E+11,4.65096E+11,4.92147E+11,5.14791E+11,
Italy,ITA,Expense (current LCU),GC.XPN.TOTL.CN,,,,,,,,,,,,,,14066220104,17818279475,23824673212,28991308030,35405702717,46795643170,60358834253,81419430141,,,,,,2.27519E+11,2.53442E+11,2.5424E+11,2.85005E+11,3.1608E+11,3.51958E+11,3.95602E+11,4.16556E+11,4.19972E+11,4.76172E+11,4.95992E+11,4.92593E+11,4.69325E+11,4.81856E+11,4.90147E+11,5.21742E+11,5.32977E+11,5.52636E+11,5.6403E+11,5.8463E+11,6.1735E+11,6.33172E+11,6.64928E+11,6.94469E+11,6.88856E+11,6.90662E+11,7.08431E+11,7.04944E+11,7.10283E+11,7.22021E+11,7.338E+11,7.45017E+11,7.53328E+11,7.6074E+11,
Jamaica,JAM,Expense (current LCU),GC.XPN.TOTL.CN,,,,,,,,,,,,,,,,,,,,,,,,,,,,,5136400000,6137600000,7470000000,10638900000,16321900000,25369300000,34454738165,44441719237,64225142380,72113242393,84743006819,93166282655,95780648100,1.13665E+11,1.4108E+11,1.73248E+11,1.88382E+11,1.9225E+11,2.24505E+11,2.52878E+11,3.10149E+11,3.87044E+11,3.33174E+11,3.49891E+11,3.61521E+11,3.58253E+11,3.95968E+11,4.27972E+11,4.61401E+11,5.05244E+11,5.38393E+11,5.44279E+11,
Jordan,JOR,Expense (current LCU),GC.XPN.TOTL.CN,,,,,,,,,,,,,,,,,,,,,,,,,,,,,,,819760000,856540000,891250000,1005890000,1086190000,1232420000,1414930000,1460020000,1599730000,1546890000,1626800000,1717430000,1925200000,2130010000,2600240000,3181800000,3496580000,4110600000,4899300000,5089600000,5055200000,6047100000,6485400000,6419000000,7191300000,7045000000,7323900000,7550600000,8096200000,8293700000,
Japan,JPN,Expense (current LCU),GC.XPN.TOTL.CN,,,,,,,,,,,,,,,,,,,,,,,,,,,,,,,,,,,,,,,,,,,,,,,,,,,,,,,,,,,,,
Kazakhstan,KAZ,Expense (current LCU),GC.XPN.TOTL.CN,,,,,,,,,,,,,,,,,,,,,,,,,,,,,,,,,,,,,,3.134E+11,2.8854E+11,2.8598E+11,3.56748E+11,4.41048E+11,4.79251E+11,6.40475E+11,8.25971E+11,,,,,,3.59254E+12,4.29494E+12,4.89917E+12,5.25909E+12,6.07394E+12,6.33178E+12,7.67083E+12,1.03462E+13,9.09059E+12,1.11699E+13,
Kenya,KEN,Expense (current LCU),GC.XPN.TOTL.CN,,,,,,,,,,,,,,,,,,,,,,,,,,,,,,,,,,,,,,,,,,,,,,,,,,,,,,,1.23304E+12,1.42609E+12,1.6852E+12,2.13175E+12,2.2076E+12,1.92452E+12,
Kyrgyz Republic,KGZ,Expense (current LCU),GC.XPN.TOTL.CN,,,,,,,,,,,,,,,,,,,,,,,,,,,,,,,,,,,,,,,,,,,,,,,,,,,,,,,1.04171E+11,1.17274E+11,1.28777E+11,1.38188E+11,1.45109E+11,1.51812E+11,
Cambodia,KHM,Expense (current LCU),GC.XPN.TOTL.CN,,,,,,,,,,,,,,,,,,,,,,,,,,,,,,,,,,,,,,,,,,,1.57411E+12,1.72211E+12,1.75366E+12,1.95498E+12,2.56316E+12,2.87386E+12,3.59254E+12,4.72147E+12,5.0025E+12,5.75433E+12,5.99314E+12,7.27421E+12,8.3977E+12,8.84417E+12,1.0553E+13,1.28408E+13,1.44539E+13,1.73631E+13,
Kiribati,KIR,Expense (current LCU),GC.XPN.TOTL.CN,,,,,,,,,,,,,,,,,,,,,,,,,,,,,,,,,,,,,,,,,,,,,,,,,,,,112630983.7,124276230.8,125799675.8,122751713.6,149763579.6,170525661.4,187317545.6,192872185.7,218738214.1,
St. Kitts and Nevis,KNA,Expense (current LCU),GC.XPN.TOTL.CN,,,,,,,,,,,,,,,,,,,,,,,,,,,,,,,103050000,102150000,109900000,123330000,146480000,,,,,,295100000,307000000,273077000,272511000,288104000,327112248,356358593,378820994,536231961.7,545249134,530140000,594920000,546460000,560580000,621920000,638790000,702580000,654240000,,,
"Korea, Rep.",KOR,Expense (current LCU),GC.XPN.TOTL.CN,,,,,,,,,,,,,6.61E+11,6.25E+11,9.77E+11,1.459E+12,2.108E+12,2.535E+12,3.421E+12,4.747E+12,5.963E+12,7.391E+12,9.117E+12,9.645E+12,1.0767E+13,1.2243E+13,1.3638E+13,1.5403E+13,1.784E+13,2.1735E+13,2.6593E+13,3.196E+13,3.7244E+13,4.1348E+13,4.9124E+13,5.703E+13,6.5038E+13,7.0737E+13,8.20571E+13,8.78067E+13,1.00293E+14,1.15462E+14,1.2116E+14,1.44874E+14,1.55968E+14,1.70612E+14,1.86558E+14,1.96369E+14,2.11421E+14,2.3266E+14,2.33138E+14,2.51895E+14,3.54749E+14,3.60686E+14,3.69147E+14,3.8946E+14,4.09162E+14,4.39886E+14,4.72992E+14,5.29477E+14,
Kuwait,KWT,Expense (current LCU),GC.XPN.TOTL.CN,,,,,,,,,,,,,303000000,368000000,740000000,,,989000000,1045000000,1117000000,1460000000,1696000000,1915000000,2161000000,2042000000,2158000000,2009000000,1906000000,2283000000,2482000000,2550000000,6579000000,5375000000,3988000000,3850000000,3766000000,3939000000,3515000000,3677000000,,,4655000000,4800000000,5391000000,6179000000,6727000000,10183000000,,,,,,,,,,,,,,
Latin America & Caribbean (excluding high income),LAC,Expense (current LCU),GC.XPN.TOTL.CN,,,,,,,,,,,,,,,,,,,,,,,,,,,,,,,,,,,,,,,,,,,,,,,,,,,,,,,,,,,,,
Lao PDR,LAO,Expense (current LCU),GC.XPN.TOTL.CN,,,,,,,,,,,,,,,,,,,,,,,,,,,,,,,,,,,,,,,,,,,,,,,,,,,,,,,,,,,,,
Lebanon,LBN,Expense (current LCU),GC.XPN.TOTL.CN,,,,,,,,,,,,,,,,,,,,,,,,,,,,,,,,,,,,,,,6.84546E+12,7.357E+12,7.9389E+12,7.7185E+12,8.1858E+12,9.22548E+12,8.5635E+12,8.69939E+12,1.05283E+13,1.18162E+13,1.34101E+13,1.53612E+13,1.49773E+13,1.58884E+13,1.77827E+13,1.88637E+13,1.88124E+13,1.72346E+13,1.99292E+13,2.07711E+13,2.42881E+13,2.34072E+13,
Liberia,LBR,Expense (current LCU),GC.XPN.TOTL.CN,,,,,,,,,,,,,,,,,,,,,,,297000000,,,,,,,,,,,,,,,,,,,,,,,,,,,,,,,,,,,,,,
Libya,LBY,Expense (current LCU),GC.XPN.TOTL.CN,,,,,,,,,,,,,,,,,,,,,,,,,,,,,,,,,,,,,,,,,,,,,,,,,,,,,,,,,,,,,
St. Lucia,LCA,Expense (current LCU),GC.XPN.TOTL.CN,,,,,,,,,,,,,,,,,,,,,,,,,,,,,,,,,,,,,,,,,368421000,400971000,405491000,466587000,490387517,480163664,484775934,482383572,627391586,661826110,723175988,745239058,825850377,847944064,883561561,887920000,916750000,950280000,,,
Latin America & Caribbean,LCN,Expense (current LCU),GC.XPN.TOTL.CN,,,,,,,,,,,,,,,,,,,,,,,,,,,,,,,,,,,,,,,,,,,,,,,,,,,,,,,,,,,,,
Least developed countries: UN classification,LDC,Expense (current LCU),GC.XPN.TOTL.CN,,,,,,,,,,,,,,,,,,,,,,,,,,,,,,,,,,,,,,,,,,,,,,,,,,,,,,,,,,,,,
Low income,LIC,Expense (current LCU),GC.XPN.TOTL.CN,,,,,,,,,,,,,,,,,,,,,,,,,,,,,,,,,,,,,,,,,,,,,,,,,,,,,,,,,,,,,
Liechtenstein,LIE,Expense (current LCU),GC.XPN.TOTL.CN,,,,,,,,,,,,,,,,,,,,,,,,,,,,,,,,,,,,,,,,,,,,,,,,,,,,,,,,,,,,,
Sri Lanka,LKA,Expense (current LCU),GC.XPN.TOTL.CN,,,,,,,,,,,,,,,,,,,,,,,,,,,,,,,79275000000,94988000000,1.01982E+11,1.14095E+11,1.40729E+11,1.73292E+11,1.91849E+11,2.03264E+11,2.21563E+11,2.34678E+11,2.89114E+11,3.35149E+11,3.62362E+11,3.73202E+11,4.33036E+11,4.95363E+11,6.21464E+11,7.17409E+11,8.47371E+11,1.0134E+12,1.08069E+12,1.16701E+12,1.35454E+12,1.40695E+12,1.53045E+12,1.97657E+12,2.00662E+12,2.2057E+12,2.34651E+12,2.53527E+12,
Lower middle income,LMC,Expense (current LCU),GC.XPN.TOTL.CN,,,,,,,,,,,,,,,,,,,,,,,,,,,,,,,,,,,,,,,,,,,,,,,,,,,,,,,,,,,,,
Low & middle income,LMY,Expense (current LCU),GC.XPN.TOTL.CN,,,,,,,,,,,,,,,,,,,,,,,,,,,,,,,,,,,,,,,,,,,,,,,,,,,,,,,,,,,,,
Lesotho,LSO,Expense (current LCU),GC.XPN.TOTL.CN,,,,,,,,,,,,,,,,,,,,,,,,,,,,319685000,396008000,448884000,,571430818.4,710791116.8,774144447.7,1024090857,1179935324,1218274921,1508093739,2028695610,1928891033,2081787080,2386391409,2823036585,2971900000,3144500000,3576900000,4440484041,4913500167,6786020499,7697423770,6958864867,7639594617,8149861799,9754926231,10152250272,11514163960,12622738145,12206338504,13277849254,13556429016,
Late-demographic dividend,LTE,Expense (current LCU),GC.XPN.TOTL.CN,,,,,,,,,,,,,,,,,,,,,,,,,,,,,,,,,,,,,,,,,,,,,,,,,,,,,,,,,,,,,
Lithuania,LTU,Expense (current LCU),GC.XPN.TOTL.CN,,,,,,,,,,,,,,,,,,,,,,,,,,,,,,,,28710611.68,,640697405,1142058619,2534981000,3303159000,5748341000,5271405000,4790155000,4963159000,4868618000,4975895000,5255068000,5795788000,6517416000,7449647000,9093683000,11257638000,11245412000,11082305000,12376450000,11320229000,11586638000,11947552000,12236189000,12689762000,13138607000,14587651000,15964964000,
Luxembourg,LUX,Expense (current LCU),GC.XPN.TOTL.CN,,,,,,,,,,,,,477393350,555430231.6,663685333.9,847200910.3,991995518.1,1111678512,1173627104,1313786103,1454316942,1633296067,1860887112,2037362512,2131685998,2158111448,2277794442,2466441414,2648420051,2752609699,3194727801,3539869955,4064536600,4415355516,4769595363,5791440000,6062583000,6515662000,6733626000,7342773000,7855293000,8434072000,9184227000,10029123000,10945154000,11575628000,12213231000,12811389000,13881542000,15106101000,15923768000,16715825000,17982100000,18938815000,19556893000,20116025000,20660398000,21908547000,23288779000,24612126000,
Latvia,LVA,Expense (current LCU),GC.XPN.TOTL.CN,,,,,,,,,,,,,,,,,,,,,,,,,,,,,,,,,,,773273914.2,1867637350,2075139015,2476810035,2879642119,3162100671,3155707708,3139336145,3488444858,3798894144,4383206413,5396904400,6634622171,8179754242,10333141246,9959792488,9999476383,9653322975,9730570685,9986837013,10553795937,10718942977,10773098901,11567402861,12412325485,13352237608,
"Macao SAR, China",MAC,Expense (current LCU),GC.XPN.TOTL.CN,,,,,,,,,,,,,,,,,,,,,,,,,,,,,,,,,,,,,7123170000,7748580000,8147210000,9780639403,8166697363,8431134125,8841627850,9643755178,10120172035,11262000000,12932000000,14927334590,23078063286,29395356255,33231322259,35451469155,37629531288,43112789101,49857694515,55307899412,58763132163,61408074287,64930368472,70377086974,
St. Martin (French part),MAF,Expense (current LCU),GC.XPN.TOTL.CN,,,,,,,,,,,,,,,,,,,,,,,,,,,,,,,,,,,,,,,,,,,,,,,,,,,,,,,,,,,,,
Morocco,MAR,Expense (current LCU),GC.XPN.TOTL.CN,,,,,,,,,,,,,,,,,,,,,,,,,,,,,,,41000000000,48726000000,52405000000,62089000000,66855000000,74777000000,,78974000000,85087000000,89230000000,,,1.14544E+11,1.15617E+11,1.25283E+11,1.554E+11,1.5314E+11,1.66188E+11,1.92659E+11,1.95493E+11,2.12489E+11,2.41015E+11,2.52532E+11,2.50009E+11,2.5454E+11,2.48621E+11,2.49145E+11,2.60561E+11,2.73201E+11,2.89969E+11,
Monaco,MCO,Expense (current LCU),GC.XPN.TOTL.CN,,,,,,,,,,,,,,,,,,,,,,,,,,,,,,,,,,,,,,,,,,,,,,,,,,,,,,,,,,,,,
Moldova,MDA,Expense (current LCU),GC.XPN.TOTL.CN,,,,,,,,,,,,,,,,,,,,,,,,,,,,,,,,,,,,,,3425300000,3034900000,3573300000,4633700000,4244500000,,6136000000,8731400000,11038900000,14261600000,17316400000,20625300000,22988100000,25143800000,27024200000,29380900000,32427200000,38754500000,41571600000,42415300000,47945500000,52528400000,58312362000,
Madagascar,MDG,Expense (current LCU),GC.XPN.TOTL.CN,,,,,,,,,,,,,,,,,,,,,,,,,,,,,,,,,,,,,,,,,,,,7.60748E+11,1.02759E+12,1.1147E+12,1.3704E+12,1.5461E+12,1.7364E+12,1.45315E+12,1.78871E+12,2.09025E+12,2.22551E+12,2.57842E+12,2.97953E+12,3.17503E+12,3.50679E+12,4.34777E+12,4.51171E+12,5.17133E+12,
Maldives,MDV,Expense (current LCU),GC.XPN.TOTL.CN,,,,,,,,,,,,,,,,,,,,,,,,,,,,,,,340800000,430100000,541100000,614200000,691900000,878100000,955400000,1182000000,1297900000,1545500000,1875900000,1971400000,2109400000,2345700000,2788100000,4643300000,5607800000,6560100000,7463200000,8764900000,,,,,,,,,,,
Middle East & North Africa,MEA,Expense (current LCU),GC.XPN.TOTL.CN,,,,,,,,,,,,,,,,,,,,,,,,,,,,,,,,,,,,,,,,,,,,,,,,,,,,,,,,,,,,,
Mexico,MEX,Expense (current LCU),GC.XPN.TOTL.CN,,,,,,,,,,,,,57000000,72000000,105000000,138000000,180000000,240000000,296000000,404000000,513000000,813000000,2286000000,3946000000,5769000000,10296000000,20501000000,55574000000,98252000000,1.05408E+11,1.24318E+11,1.30178E+11,1.50181E+11,1.69611E+11,1.94417E+11,2.75383E+11,3.64922E+11,4.84139E+11,5.36882E+11,6.86485E+11,8.48763E+11,,,,,,,,2.73076E+12,2.62351E+12,2.86089E+12,3.18714E+12,3.45995E+12,3.50795E+12,3.80839E+12,4.01281E+12,4.21989E+12,4.47715E+12,4.80383E+12,4.9676E+12,
Marshall Islands,MHL,Expense (current LCU),GC.XPN.TOTL.CN,,,,,,,,,,,,,,,,,,,,,,,,,,,,,,,,,,,,,,,,,,,,,,,,,85846346,84636894,84297920,88969527,94004075,99926335,91076167,101309158,113280309,128937800,128042595,149921682.6,
Middle income,MIC,Expense (current LCU),GC.XPN.TOTL.CN,,,,,,,,,,,,,,,,,,,,,,,,,,,,,,,,,,,,,,,,,,,,,,,,,,,,,,,,,,,,,
North Macedonia,MKD,Expense (current LCU),GC.XPN.TOTL.CN,,,,,,,,,,,,,,,,,,,,,,,,,,,,,,,,,,,,,,,,,,,,,,89124116170,98983464608,1.0924E+11,1.26754E+11,1.2994E+11,1.31565E+11,1.34529E+11,1.37083E+11,1.41772E+11,1.49674E+11,1.60949E+11,1.65253E+11,1.73049E+11,1.84022E+11,2.05638E+11,
Mali,MLI,Expense (current LCU),GC.XPN.TOTL.CN,,,,,,,,,,,,,,,,,,,,,,,,,,,,,,,,,,,,,,,,,2.002E+11,2.79771E+11,3.16896E+11,3.53709E+11,3.92919E+11,4.22741E+11,4.81109E+11,5.094E+11,5.25732E+11,6.20657E+11,6.75976E+11,7.49708E+11,7.6159E+11,8.66864E+11,9.1911E+11,9.51155E+11,1.0236E+12,1.1159E+12,1.17308E+12,1.30183E+12,
Malta,MLT,Expense (current LCU),GC.XPN.TOTL.CN,,,,,,,,,,,,,88353133.01,95364546.94,131306778.5,148870253.9,164360587,189867225.7,204076403.4,,248241323.1,313766596.8,356394130,347798742.1,351688795.7,355019799.7,369392033.5,397041695.8,430351735.4,472396925.2,1216884631,1372067671,1517592466,1688076772,1861653885,2679918472,2953566271,3115138598,3244963895,3431756348,3656452364,3975390170,4124756580,4714628465,4643652457,4836943862,5068169113,5349340787,2595717000,2571051000,2695687000,2766160000,2954638000,3126501000,3343074000,3584652000,3705467000,3969014000,4359136000,4661300000,
Myanmar,MMR,Expense (current LCU),GC.XPN.TOTL.CN,,,,,,,,,,,,,,,,,,,,,,,,,,,,,,,,,,,,,,,,,,,,2.35944E+11,3.30832E+11,3.44775E+11,,,,,,,5.40807E+12,8.14185E+12,1.07552E+13,1.23794E+13,1.22305E+13,1.51514E+13,6.39675E+12,1.55158E+13,
Middle East & North Africa (excluding high income),MNA,Expense (current LCU),GC.XPN.TOTL.CN,,,,,,,,,,,,,,,,,,,,,,,,,,,,,,,,,,,,,,,,,,,,,,,,,,,,,,,,,,,,,
Montenegro,MNE,Expense (current LCU),GC.XPN.TOTL.CN,,,,,,,,,,,,,,,,,,,,,,,,,,,,,,,,,,,,,,,,,,,,,,,,,,,,,,,,,,,,,
Mongolia,MNG,Expense (current LCU),GC.XPN.TOTL.CN,,,,,,,,,,,,,,,,,,,,,,,,,,,,,,,,,9357000000,33299000000,54387000000,76041000000,98341000000,1.52327E+11,1.73561E+11,2.04355E+11,2.74057E+11,3.06927E+11,3.36438E+11,4.49959E+11,,,9.4035E+11,1.15027E+12,1.66912E+12,1.74378E+12,2.23482E+12,3.21844E+12,4.51836E+12,4.53832E+12,5.2752E+12,5.56643E+12,6.55684E+12,6.63896E+12,7.3313E+12,,
Northern Mariana Islands,MNP,Expense (current LCU),GC.XPN.TOTL.CN,,,,,,,,,,,,,,,,,,,,,,,,,,,,,,,,,,,,,,,,,,,,,,,,,,,,,,,,,,,,,
Mozambique,MOZ,Expense (current LCU),GC.XPN.TOTL.CN,,,,,,,,,,,,,,,,,,,,,,,,,,,,,,,,,,,,,,,,,,,,,,,,,,,76037811820,90491970370,1.05321E+11,,,,1.40942E+11,1.48659E+11,1.78013E+11,1.94479E+11,
Mauritania,MRT,Expense (current LCU),GC.XPN.TOTL.CN,,,,,,,,,,,,,,,,,,,,,,,,,,,,,,,,,,,,,,,,,,,,,,,,,,,,,,,,,,,,,
Mauritius,MUS,Expense (current LCU),GC.XPN.TOTL.CN,,,,,,,,,,,,,,317000000,534700000,719100000,1044700000,1299900000,1544800000,1896800000,2114900000,2618500000,3042400000,3297600000,3477400000,3805200000,4027000000,4547300000,5659800000,6465900000,7480000000,8358700000,9530400000,10101900000,12003500000,13241700000,14905500000,17475800000,19508000000,23716000000,24595000000,26921000000,28975700000,31890300000,36434500000,38585400000,43603300000,46725600000,51264900000,61133100000,67807300000,67452000000,71378200000,81466052000,87380200000,47949952000,1.03253E+11,1.05078E+11,1.12891E+11,1.16976E+11,
Malawi,MWI,Expense (current LCU),GC.XPN.TOTL.CN,,,,,,,,,,,,,,,,,,,,,,,,,,,,,,,,,,,,,,,,,,,,,,,,,,1.99529E+11,1.93562E+11,2.28365E+11,2.59448E+11,3.80251E+11,5.25998E+11,5.94565E+11,7.00213E+11,8.65026E+11,1.07956E+12,1.21453E+12,1.45497E+12
Malaysia,MYS,Expense (current LCU),GC.XPN.TOTL.CN,,,,,,,,,,,,,,,,,,,,,,,,,,,,,,,,,,,,,47420000000,47878000000,47621000000,55894000000,58849600000,66092306000,67731000000,73813000000,89533000000,96141000000,1.05745E+11,1.20552E+11,1.50664E+11,1.54485E+11,1.49763E+11,1.79928E+11,2.03767E+11,2.09856E+11,2.17787E+11,2.15275E+11,2.09497E+11,2.17179E+11,2.30513E+11,2.62573E+11,
North America,NAC,Expense (current LCU),GC.XPN.TOTL.CN,,,,,,,,,,,,,,,,,,,,,,,,,,,,,,,,,,,,,,,,,,,,,,,,,,,,,,,,,,,,,
Namibia,NAM,Expense (current LCU),GC.XPN.TOTL.CN,,,,,,,,,,,,,,,,,,,,,,,,,,,,,,,,2493200000,2892900000,,,,,,,6913800000,7654536562,8849795700,9651624256,10686798294,10930737000,11744232000,12986463000,14309651461,17871938129,20602965054,23548197957,31263768465,33863034376,41624663268,50094162568,55488645963,55833767282,62847271038,59935441968,44489968449,
New Caledonia,NCL,Expense (current LCU),GC.XPN.TOTL.CN,,,,,,,,,,,,,,,,,,,,,,,,,,,,,,,,,,,,,,,,,,,,,,,,,,,,,,,,,,,,,
Niger,NER,Expense (current LCU),GC.XPN.TOTL.CN,,,,,,,,,,,,,,,,,25406000000,28107000000,37838000000,41184000000,53872000000,,,,,,,,,,,,,,,,,,,,,,,,,,,,,,,,,,,,,,,,
Nigeria,NGA,Expense (current LCU),GC.XPN.TOTL.CN,,,,,,,,,,,,,,,,,,,,,,,,,,,,,,,,,,,,,,,,,,,,,,,,,,,,,,,,,,,,,
Nicaragua,NIC,Expense (current LCU),GC.XPN.TOTL.CN,,,,,,,,,,,,,,,,,,,,,,,,,,,,,,,102058000,1713530000,2187250000,2706030000,2936370000,3405250000,3926040000,4684890000,5615430000,7273180000,8226740000,10316000000,9083130210,10573496840,11931569820,14510000000,17918399400,20123972100,25031817260,26158250006,28045278258,32822727237,37766697235,40975749774,47579738778,55370005552,62339166346,68448285884,69240123990,69198476517,
Netherlands,NLD,Expense (current LCU),GC.XPN.TOTL.CN,,,,,,,,,,,,,,31832682159,38153840569,46884571926,53686737366,59908064128,66374432208,73135757427,80196577590,86957902809,94980737030,99827109738,1.03244E+11,1.05304E+11,1.08889E+11,1.12637E+11,1.1251E+11,1.14915E+11,1.19399E+11,1.27063E+11,1.33842E+11,1.38512E+11,1.42464E+11,1.57598E+11,1.42038E+11,1.48981E+11,1.52842E+11,1.57683E+11,1.6488E+11,1.78285E+11,1.86872E+11,1.95917E+11,1.97975E+11,2.01367E+11,2.19071E+11,2.28538E+11,2.41577E+11,2.58489E+11,2.65681E+11,2.67137E+11,2.6967E+11,2.73525E+11,2.75013E+11,2.75616E+11,2.76171E+11,2.79001E+11,2.91597E+11,3.03388E+11,
Norway,NOR,Expense (current LCU),GC.XPN.TOTL.CN,,,,,,,,,,,,,32395000000,36665000000,42513000000,49838000000,61280000000,70191000000,81362000000,90218000000,1.03896E+11,1.19073E+11,1.34281E+11,1.48816E+11,1.62079E+11,1.76885E+11,1.97157E+11,2.21364E+11,2.40568E+11,2.60409E+11,2.85658E+11,3.05175E+11,3.23054E+11,3.33719E+11,3.44167E+11,3.65571E+11,3.79543E+11,3.92619E+11,4.17683E+11,4.43982E+11,4.82347E+11,5.10784E+11,5.87277E+11,6.05584E+11,6.30404E+11,6.61903E+11,7.13871E+11,7.55315E+11,8.04325E+11,8.63965E+11,9.04711E+11,9.5936E+11,1.00616E+12,1.05669E+12,1.12579E+12,1.1942E+12,1.23827E+12,1.28586E+12,1.33124E+12,1.39191E+12,
Nepal,NPL,Expense (current LCU),GC.XPN.TOTL.CN,,,,,,,,,,,,,,,,,,,,,,,,,,,,,,,,,,,,,,,,,,,,,78345700000,,,,,,1.86493E+11,2.17323E+11,2.43348E+11,2.47374E+11,3.03244E+11,3.39062E+11,3.71069E+11,5.18617E+11,6.9692E+11,8.3746E+11,
Nauru,NRU,Expense (current LCU),GC.XPN.TOTL.CN,,,,,,,,,,,,,,,,,,,,,,,,,,,,,,,,,,,,,,,,,,,,,,,,,,,,,,,93693875.92,97062149.63,118978268,131331424.7,132566734.4,,
New Zealand,NZL,Expense (current LCU),GC.XPN.TOTL.CN,,,,,,,,,,,,,2040000000,2398000000,2797000000,3578000000,3980000000,4910000000,6057000000,7004000000,8419000000,10623000000,12364000000,13532000000,15531000000,17438000000,21715000000,26798000000,27484000000,,,,,,,,,,,,,40610300000,41535431000,45109683000,47042287000,50487166000,53984000000,58448000000,61816000000,66326750000,69609640000,85395410000,76189090000,77036120000,78528700000,80544230000,83383180000,86988430000,90946140000,97201060000,
OECD members,OED,Expense (current LCU),GC.XPN.TOTL.CN,,,,,,,,,,,,,,,,,,,,,,,,,,,,,,,,,,,,,,,,,,,,,,,,,,,,,,,,,,,,,
Oman,OMN,Expense (current LCU),GC.XPN.TOTL.CN,,,,,,,,,,,,,,,,,,,,,,,,,,,,,,,,,,,,,,,,,,,,,,,,,,,,,,,,,,,,,
Other small states,OSS,Expense (current LCU),GC.XPN.TOTL.CN,,,,,,,,,,,,,,,,,,,,,,,,,,,,,,,,,,,,,,,,,,,,,,,,,,,,,,,,,,,,,
Pakistan,PAK,Expense (current LCU),GC.XPN.TOTL.CN,,,,,,,,,,,,,,,,,,,,,,,,,,,,,,,,,,,,,,,,,,,,,,,,,,,,,,,,,,,,,
Panama,PAN,Expense (current LCU),GC.XPN.TOTL.CN,,,,,,,,,,,,,,,,,,,,,,,,,,,,,,,,,,,,,,,,,,,,,,,,,,,,,,,6639901345,7807172944,8184284129,8968427717,9149718249,,
Peru,PER,Expense (current LCU),GC.XPN.TOTL.CN,,,,,,,,,,,,,45,56,63,93,128,162,306,478,983,1590,2499,5171,10629,28189,51636,98453,510000,11738000,1063710000,3892000000,7715000000,10607000000,15211000000,21048200000,23120700000,25753600000,27516600000,30265700000,33265900000,33300200000,33939500000,36312397000,39622788000,45185305000,49571543010,58003180437,62867331578,67269703737,74280661107,83388533341,91045837874,1.03049E+11,1.16924E+11,1.24314E+11,1.24275E+11,1.3772E+11,1.44263E+11,1.56148E+11,
Philippines,PHL,Expense (current LCU),GC.XPN.TOTL.CN,,,,,,,,,,,,,,,,,,,,,,,,,,,,,,,1.80587E+11,1.99598E+11,2.19004E+11,2.34563E+11,,,,,,,5.80677E+11,6.59042E+11,7.06523E+11,7.69191E+11,8.11808E+11,9.768E+11,9.54699E+11,9.99699E+11,1.09335E+12,1.21741E+12,1.29653E+12,1.37168E+12,1.49821E+12,1.59154E+12,1.69333E+12,1.87922E+12,2.03306E+12,2.25388E+12,2.59595E+12,2.89567E+12,
Palau,PLW,Expense (current LCU),GC.XPN.TOTL.CN,,,,,,,,,,,,,,,,,,,,,,,,,,,,,,,,,,,,,,,,,,,,,,,,,101068437,96160015,94056422,104594725,115711490,109842821,112960471,112242562,123488469.1,120749663,117276323,124319424.2,
Papua New Guinea,PNG,Expense (current LCU),GC.XPN.TOTL.CN,,,,,,,,,,,,,,,,,,,,,,,,,,,,,,,958290000,1081740000,1226870000,1459390000,1494047000,1520095000,1751953000,1931282000,1878870000,2589410000,2925319000,2799006000,2575156000,,,,,,,,,,,,12426600000,12165945050,11958899961,12026258632,14538924766,16050370358,
Poland,POL,Expense (current LCU),GC.XPN.TOTL.CN,,,,,,,,,,,,,,,,,,,,,,,,,378340000,469870000,538570000,670140000,1128840000,,,,,,90594000000,1.4451E+11,2.05678E+11,2.11603E+11,2.37372E+11,2.60192E+11,2.85863E+11,3.10594E+11,3.2146E+11,3.43355E+11,3.53761E+11,3.67105E+11,3.93483E+11,4.17331E+11,4.62059E+11,5.05129E+11,5.29504E+11,5.44717E+11,5.68674E+11,5.88068E+11,5.99638E+11,6.17544E+11,6.49187E+11,6.83976E+11,7.09752E+11,7.8141E+11,
Pre-demographic dividend,PRE,Expense (current LCU),GC.XPN.TOTL.CN,,,,,,,,,,,,,,,,,,,,,,,,,,,,,,,,,,,,,,,,,,,,,,,,,,,,,,,,,,,,,
Puerto Rico,PRI,Expense (current LCU),GC.XPN.TOTL.CN,,,,,,,,,,,,,,,,,,,,,,,,,,,,,,,,,,,,,,,,,,,,,,,,,,,,,,,,,,,,,
"Korea, Dem. People's Rep.",PRK,Expense (current LCU),GC.XPN.TOTL.CN,,,,,,,,,,,,,,,,,,,,,,,,,,,,,,,,,,,,,,,,,,,,,,,,,,,,,,,,,,,,,
Portugal,PRT,Expense (current LCU),GC.XPN.TOTL.CN,,,,,,,,,,,,,,,,585089933.3,795083847.9,,1346754322,1687433286,2248082122,2904001357,3519019164,4636825251,5434403089,7737851777,9731048174,10201998184,12053670654,14826268692,18091898525,22335671033,25995351204,28380602747,28865434303,32742906000,34718695000,36674519000,41476856000,44361273000,47838012000,51715828000,54944059000,58165404000,61523337000,65640793000,66694624000,68900339000,72183697000,76618254000,78949535000,77959406000,74383310000,77358825000,82088759000,78635955000,76703128000,81155274000,80235581000,82526865000,
Paraguay,PRY,Expense (current LCU),GC.XPN.TOTL.CN,,,,,,,,,,,,,,,,,,,,,,,,,,,,,,,,,,,,,,,,,,,,,,8.1452E+12,9.358E+12,1.03191E+13,1.16135E+13,1.39648E+13,1.52835E+13,1.85111E+13,2.31204E+13,2.41323E+13,2.65031E+13,3.04758E+13,3.15599E+13,3.16986E+13,3.71931E+13,3.99743E+13,
West Bank and Gaza,PSE,Expense (current LCU),GC.XPN.TOTL.CN,,,,,,,,,,,,,,,,,,,,,,,,,,,,,,,,,,,,,,,,,,,,,,,,,,,,,,,,,,,,,
Pacific island small states,PSS,Expense (current LCU),GC.XPN.TOTL.CN,,,,,,,,,,,,,,,,,,,,,,,,,,,,,,,,,,,,,,,,,,,,,,,,,,,,,,,,,,,,,
Post-demographic dividend,PST,Expense (current LCU),GC.XPN.TOTL.CN,,,,,,,,,,,,,,,,,,,,,,,,,,,,,,,,,,,,,,,,,,,,,,,,,,,,,,,,,,,,,
French Polynesia,PYF,Expense (current LCU),GC.XPN.TOTL.CN,,,,,,,,,,,,,,,,,,,,,,,,,,,,,,,,,,,,,,,,,,,,,,,,,,,,,,,,,,,,,
Qatar,QAT,Expense (current LCU),GC.XPN.TOTL.CN,,,,,,,,,,,,,,,,,,,,,,,,,,,,,,,,,,,,,,,,,,,,,,,,,,,,,,,,,,,,,
Romania,ROU,Expense (current LCU),GC.XPN.TOTL.CN,,,,,,,,,,,,,,,,,,,,,27370000,24814000,23141000,21143000,23528000,33962000,35584000,34335000,31356000,31997000,28606000,72488000,230606000,599039000,1481703000,1983400000,2961100000,7280000000,11353000000,18332200000,27075900000,37952600000,47175500000,59394400000,75266000000,88151200000,1.0715E+11,1.39402E+11,1.72512E+11,1.82787E+11,1.86754E+11,1.95671E+11,1.98316E+11,2.00747E+11,2.16793E+11,2.36379E+11,2.43903E+11,2.70769E+11,3.14054E+11,3.57588E+11,
Russian Federation,RUS,Expense (current LCU),GC.XPN.TOTL.CN,,,,,,,,,,,,,,,,,,,,,,,,,,,,,,,,,,,1.65195E+11,1.65195E+11,,,6.58498E+11,9.78446E+11,1.54609E+12,2.03543E+12,2.44068E+12,3.04401E+12,3.67342E+12,4.31074E+12,5.249E+12,7.6491E+12,8.8878E+12,1.24606E+13,1.2678E+13,1.40366E+13,1.64782E+13,1.7959E+13,2.09127E+13,2.54643E+13,2.65653E+13,2.82053E+13,3.00619E+13,3.24594E+13,
Rwanda,RWA,Expense (current LCU),GC.XPN.TOTL.CN,,,,,,,,,,,,,,,,,,,,,,,,,,,,,,,27034000000,29864000000,40670000000,,,,,,,,,,,,,,,,,,,,,,9.79319E+11,1.04143E+12,1.26363E+12,1.43673E+12,1.5508E+12,1.80065E+12,
South Asia,SAS,Expense (current LCU),GC.XPN.TOTL.CN,,,,,,,,,,,,,,,,,,,,,,,,,,,,,,,,,,,,,,,,,,,,,,,,,,,,,,,,,,,,,
Saudi Arabia,SAU,Expense (current LCU),GC.XPN.TOTL.CN,,,,,,,,,,,,,,,,,,,,,,,,,,,,,,,,,,,,,,,,,,,,,,,,,,,4.83996E+11,5.83895E+11,7.1333E+11,7.31873E+11,8.2116E+11,7.90979E+11,6.96358E+11,7.22206E+11,8.90849E+11,8.90325E+11,
Sudan,SDN,Expense (current LCU),GC.XPN.TOTL.CN,,,,,,,,,,,,,,,,,,,,,,,,,,,,,,,,,,,,,,,1530090000,2047480000,,,,,,,,,,21025900000,24162100000,,26272100000,36178400000,50380100000,54854200000,62195000000,,,,
Senegal,SEN,Expense (current LCU),GC.XPN.TOTL.CN,,,,,,,,,,,,,,,,,,,,,,,,,,,,,,,,,,,,,,,,,,,,,,,,,,,,,,,,1.92297E+12,2.066E+12,2.4125E+12,2.54839E+12,,
Singapore,SGP,Expense (current LCU),GC.XPN.TOTL.CN,,,,,,,,,,,,,1245000000,1439000000,1695000000,2085000000,2324000000,2684000000,2816000000,3259000000,3964000000,5419000000,5497000000,6283000000,7840000000,7336000000,9265000000,12300000000,10140000000,10762000000,12030000000,14042000000,14047000000,14273000000,12289000000,14844000000,21948000000,20265000000,22557000000,21605000000,26032000000,29232000000,26753000000,27112000000,27983000000,26790000000,30835000000,33130000000,39735000000,40393678000,40587400000,44879000000,45668400000,47629000000,52465900000,67435700000,63661388045,67809000000,74685742747,72715945026,
Solomon Islands,SLB,Expense (current LCU),GC.XPN.TOTL.CN,,,,,,,,,,,,,,,,,,,,,,,,,,,,,,,,,,,,,,,,,,,,,,,,,,,,2032298199,2204910647,2863982695,2970876795,3175287463,3261355111,3505010828,3542839207,3835826961,4026481327
Sierra Leone,SLE,Expense (current LCU),GC.XPN.TOTL.CN,,,,,,,,,,,,,,,,,,,,,,,,,,,,,,,,,,,,,,,,,,,,,,,,,,,,,,,,,,,,,
El Salvador,SLV,Expense (current LCU),GC.XPN.TOTL.CN,,,,,,,,,,,,,,,,,,,,,,,,,,,,,,,,,,,,,,,1311490000,1606430000,1770100000,2821300000,2561000000,2297100000,2692500000,3009500000,3604700000,3494600000,4092300000,4550600000,4454400000,5048607005,4897900000,5057000000,5144469296,5335315501,5614323795,6205827441,6434200000,6655600000,
San Marino,SMR,Expense (current LCU),GC.XPN.TOTL.CN,,,,,,,,,,,,,,,,,,,,,,,,,,,,,,,,,,,,4.002E+11,,,,,,,436881158,407247391.3,458818372.8,433097403.6,445704201.9,486217116.9,501880824.5,533870739.4,529154889,544546919.8,557688703.9,581845576.6,574857015.6,578726951.2,596776477.9,585848914,621879131,637481521,
Somalia,SOM,Expense (current LCU),GC.XPN.TOTL.CN,,,,,,,,,,,,,,,,,,,,,,,,,,,,,,,,,,,,,,,,,,,,,,,,,,,,,,,,,,239219913.7,258651656.4,300717013.8,
Serbia,SRB,Expense (current LCU),GC.XPN.TOTL.CN,,,,,,,,,,,,,,,,,,,,,,,,,,,,,,,,,,,,,,,,,,,,,,,,8.67589E+11,1.04362E+12,1.09508E+12,1.18845E+12,1.28099E+12,1.40566E+12,1.68122E+12,1.77634E+12,1.75489E+12,1.77569E+12,1.79042E+12,1.86097E+12,2.02633E+12,
Sub-Saharan Africa (excluding high income),SSA,Expense (current LCU),GC.XPN.TOTL.CN,,,,,,,,,,,,,,,,,,,,,,,,,,,,,,,,,,,,,,,,,,,,,,,,,,,,,,,,,,,,,
South Sudan,SSD,Expense (current LCU),GC.XPN.TOTL.CN,,,,,,,,,,,,,,,,,,,,,,,,,,,,,,,,,,,,,,,,,,,,,,,,,,,,,,,,,,,,,
Sub-Saharan Africa,SSF,Expense (current LCU),GC.XPN.TOTL.CN,,,,,,,,,,,,,,,,,,,,,,,,,,,,,,,,,,,,,,,,,,,,,,,,,,,,,,,,,,,,,
Small states,SST,Expense (current LCU),GC.XPN.TOTL.CN,,,,,,,,,,,,,,,,,,,,,,,,,,,,,,,,,,,,,,,,,,,,,,,,,,,,,,,,,,,,,
Sao Tome and Principe,STP,Expense (current LCU),GC.XPN.TOTL.CN,,,,,,,,,,,,,,,,,,,,,,,,,,,,,,,,,,,,,,,,,,,,,,,,,,,,,,,,,,,,,
Suriname,SUR,Expense (current LCU),GC.XPN.TOTL.CN,,,,,,,,,,,,,,,,,,,,,,,,,,,,,,,,,,,,,,,,,,,,,,,,,,,,,,,,,,,,,
Slovak Republic,SVK,Expense (current LCU),GC.XPN.TOTL.CN,,,,,,,,,,,,,,,,,,,,,,,,,,,,,,,,,,,,9076924000,11479999000,11013587000,11674139000,13414899000,16508816000,15037191000,16475680000,16363552000,17149787000,19390708000,20834479000,22019026000,23883702000,26866772000,27155642000,27975664000,28848428000,29872246000,30660569000,32692665000,32905755000,32830383000,35018965000,37719159000,
Slovenia,SVN,Expense (current LCU),GC.XPN.TOTL.CN,,,,,,,,,,,,,,,,,,,,,,,,,,,,,,,,,1557336004,2278834919,2937322651,,,,,,,,9855837000,10672500000,11337646000,12051172000,12563063000,12970393000,14469337000,15436487000,15754679000,16608696000,15717541000,19588517000,16769909000,16724514000,16664266000,16760562000,17344245000,18171896000,
Sweden,SWE,Expense (current LCU),GC.XPN.TOTL.CN,,,,,,,,,,,,,53640000000,59540000000,70830000000,84400000000,1.0372E+11,1.2577E+11,1.5044E+11,1.7708E+11,2.0243E+11,2.3925E+11,2.6661E+11,3.1315E+11,3.4039E+11,3.8103E+11,4.0008E+11,4.1473E+11,4.3798E+11,4.7755E+11,5.4513E+11,6.0744E+11,6.5749E+11,7.3289E+11,7.4132E+11,8.12006E+11,7.84947E+11,7.84436E+11,8.06783E+11,8.24795E+11,8.31647E+11,8.32171E+11,8.74143E+11,9.11783E+11,9.2175E+11,9.69401E+11,9.93977E+11,1.03423E+12,1.07676E+12,1.12384E+12,1.1808E+12,1.19901E+12,1.22619E+12,1.28144E+12,1.31885E+12,1.37004E+12,1.41236E+12,1.46462E+12,1.53127E+12,1.5749E+12,
Eswatini,SWZ,Expense (current LCU),GC.XPN.TOTL.CN,,,,,,,,,,,,,,,,,,,,,,,,,,,,,,,,,,,,,,,,,,,,,,,,,,,,,,,,,,,,,
Sint Maarten (Dutch part),SXM,Expense (current LCU),GC.XPN.TOTL.CN,,,,,,,,,,,,,,,,,,,,,,,,,,,,,,,,,,,,,,,,,,,,,,,,,,,,,,,,,,,,,
Seychelles,SYC,Expense (current LCU),GC.XPN.TOTL.CN,,,,,,,,,,,,,,,,,,,,,,,,,,520500000,566600000,644100000,687900000,814000000,,,,1190100000,1163000000,1133700000,1286600000,1423800000,1475200000,1478600000,1515100000,,,,,1541103908,1897000000,2198049328,2280603951,3066598440,3352447021,3470492204,4035620526,4427418128,4980109481,5346133767,6336804037,6855283524,7053065380,,
Syrian Arab Republic,SYR,Expense (current LCU),GC.XPN.TOTL.CN,,,,,,,,,,,,,,,,,,,,,,,,,,,,,,,,,,,,,,,,,,,,,,,,,,,,,,,,,,,,,
Turks and Caicos Islands,TCA,Expense (current LCU),GC.XPN.TOTL.CN,,,,,,,,,,,,,,,,,,,,,,,,,,,,,,,,,,,,,,,,,,,,,,,,,,,,,,,,,,,,,
Chad,TCD,Expense (current LCU),GC.XPN.TOTL.CN,,,,,,,,,,,,,,,,,,,,,,,,,,,,,,,,,,,,,,,,,,,,,,,,,,,,,,,,,,,,,
East Asia & Pacific (IDA & IBRD countries),TEA,Expense (current LCU),GC.XPN.TOTL.CN,,,,,,,,,,,,,,,,,,,,,,,,,,,,,,,,,,,,,,,,,,,,,,,,,,,,,,,,,,,,,
Europe & Central Asia (IDA & IBRD countries),TEC,Expense (current LCU),GC.XPN.TOTL.CN,,,,,,,,,,,,,,,,,,,,,,,,,,,,,,,,,,,,,,,,,,,,,,,,,,,,,,,,,,,,,
Togo,TGO,Expense (current LCU),GC.XPN.TOTL.CN,,,,,,,,,,,,,,,,,,,,,,,,,,,,,,,,,,,,,,,,,,,,,1.56618E+11,1.79012E+11,1.99734E+11,2.09559E+11,1.9614E+11,2.34135E+11,2.40659E+11,2.7618E+11,3.45967E+11,3.81589E+11,3.64751E+11,4.39811E+11,4.89681E+11,4.26974E+11,5.32138E+11,5.48863E+11,
Thailand,THA,Expense (current LCU),GC.XPN.TOTL.CN,,,,,,,,,,,,,21235000000,26478000000,28855000000,37984000000,45207000000,49673000000,63612000000,78097000000,1.01782E+11,1.17305E+11,1.37492E+11,1.49048E+11,1.61515E+11,1.79758E+11,1.84882E+11,1.93706E+11,2.04365E+11,2.32395E+11,2.57173E+11,2.92276E+11,3.25648E+11,3.69998E+11,4.14096E+11,4.55792E+11,5.18832E+11,6.23268E+11,7.73689E+11,9.36374E+11,6.84625E+11,8.41488E+11,1.16496E+12,9.38395E+11,1.07733E+12,1.16615E+12,1.26555E+12,1.50223E+12,1.6559E+12,1.77834E+12,1.88185E+12,2.19551E+12,2.30114E+12,2.46598E+12,2.55408E+12,2.56763E+12,2.76192E+12,2.84675E+12,3.01309E+12,3.02936E+12,
Tajikistan,TJK,Expense (current LCU),GC.XPN.TOTL.CN,,,,,,,,,,,,,,,,,,,,,,,,,,,,,,,,,,,,,,,116462000,134602000,160005000,243089000,,531775000,847846000,,,,,,,,,,,,,,,,
Turkmenistan,TKM,Expense (current LCU),GC.XPN.TOTL.CN,,,,,,,,,,,,,,,,,,,,,,,,,,,,,,,,,,,,,,,,,,,,,,,,,,,,,,,,,,,,,
Latin America & the Caribbean (IDA & IBRD countries),TLA,Expense (current LCU),GC.XPN.TOTL.CN,,,,,,,,,,,,,,,,,,,,,,,,,,,,,,,,,,,,,,,,,,,,,,,,,,,,,,,,,,,,,
Timor-Leste,TLS,Expense (current LCU),GC.XPN.TOTL.CN,,,,,,,,,,,,,,,,,,,,,,,,,,,,,,,,,,,,,,,,,,,,,,,,,,,737347000.1,736100846.4,906975240.4,878200000,975071466,1165387309,1149892988,904277839.4,885979281.9,996873386,
Middle East & North Africa (IDA & IBRD countries),TMN,Expense (current LCU),GC.XPN.TOTL.CN,,,,,,,,,,,,,,,,,,,,,,,,,,,,,,,,,,,,,,,,,,,,,,,,,,,,,,,,,,,,,
Tonga,TON,Expense (current LCU),GC.XPN.TOTL.CN,,,,,,,,,,,,,,,,,,,,,,,,,,,,,,,,,,,,,,,,,,,,,,,,,,,,,,,,,,,,,
South Asia (IDA & IBRD),TSA,Expense (current LCU),GC.XPN.TOTL.CN,,,,,,,,,,,,,,,,,,,,,,,,,,,,,,,,,,,,,,,,,,,,,,,,,,,,,,,,,,,,,
Sub-Saharan Africa (IDA & IBRD countries),TSS,Expense (current LCU),GC.XPN.TOTL.CN,,,,,,,,,,,,,,,,,,,,,,,,,,,,,,,,,,,,,,,,,,,,,,,,,,,,,,,,,,,,,
Trinidad and Tobago,TTO,Expense (current LCU),GC.XPN.TOTL.CN,,,,,,,,,,,,,,,,,,,,,,,,,,,,,,,,,,,,,,,,,,13125612700,14016400000,15727900000,18920800000,22807000000,34212500000,33570300000,46332000000,40039600000,43366000000,44539800000,49786700000,54175100000,58745600000,57426800000,53384300000,53384300000,50703700000,,
Tunisia,TUN,Expense (current LCU),GC.XPN.TOTL.CN,,,,,,,,,,,,,209500000,247300000,335400000,410200000,458100000,581300000,673800000,828000000,932300000,1099000000,1467800000,1744500000,1985300000,2119100000,2236000000,2376300000,2648000000,3056100000,3289300000,3541500000,3790600000,4169700000,4434900000,4838400000,5341700000,5764200000,6185400000,6786700000,7364600000,7883500000,8445400000,8974100000,10010800000,10949700000,11828900000,13050600000,15103400000,16361700000,17684700000,22291900000,24950100000,,,,,,,,
Turkey,TUR,Expense (current LCU),GC.XPN.TOTL.CN,,,,,,,,,,,,,43100,55100,60900,91700,115900,168200,254000,520100,954100,1242500,,2329600,3857700,5870400,6982100,10792500,18659900,34064600,60121100,121192300,206290000,454545000,848544000,1626661000,3718611000,7950337000,15719147000,,,,,,,,,,3.04238E+11,3.57945E+11,3.83885E+11,4.26238E+11,4.67806E+11,5.31007E+11,6.03679E+11,6.78997E+11,8.04922E+11,9.94395E+11,1.26109E+12,1.53507E+12,1.71839E+12
Tuvalu,TUV,Expense (current LCU),GC.XPN.TOTL.CN,,,,,,,,,,,,,,,,,,,,,,,,,,,,,,,,,,,,,,,,,,,,,,,,,,,,,,,,,,,,,
Tanzania,TZA,Expense (current LCU),GC.XPN.TOTL.CN,,,,,,,,,,,,,,,,,,,,,,,,,,,,,,,,,,,,,,,,,,,,,,,,,,5.89465E+12,5.89465E+12,7.75964E+12,8.73577E+12,1.08233E+13,1.32822E+13,1.40298E+13,1.44868E+13,1.86884E+13,1.8808E+13,,
Uganda,UGA,Expense (current LCU),GC.XPN.TOTL.CN,,,,,,,,,,,,,,,,,,,,,,,,,,,,,,,,,,,,,,,,,,,,,,,,,,,,,,,,9.85525E+12,1.13751E+13,1.2217E+13,1.42603E+13,1.7852E+13,
Ukraine,UKR,Expense (current LCU),GC.XPN.TOTL.CN,,,,,,,,,,,,,,,,,,,,,,,,,,,,,,,,,,,,,,,,32833100000,45701300000,56387800000,65473448056,79438130769,1.13833E+11,1.59123E+11,2.00216E+11,2.5191E+11,3.53753E+11,3.71816E+11,4.43124E+11,4.97527E+11,5.76897E+11,5.88988E+11,6.90954E+11,7.43094E+11,7.99203E+11,1.00188E+12,1.18945E+12,1.31476E+12,
Upper middle income,UMC,Expense (current LCU),GC.XPN.TOTL.CN,,,,,,,,,,,,,,,,,,,,,,,,,,,,,,,,,,,,,,,,,,,,,,,,,,,,,,,,,,,,,
Uruguay,URY,Expense (current LCU),GC.XPN.TOTL.CN,,,,,,,,,,,,,290000,541000,985000,1781000,2777000,4172000,6350000,10211000,18609000,28345000,35331000,43216000,66409000,114250000,214873000,384559000,660765000,1199000000,2383000000,5282000000,9751000000,17080000000,26595000000,33208000000,45474000000,59557000000,69335000000,71913000000,73321000000,75907442585,80670334179,94845096535,1.04466E+11,1.12873E+11,1.26622E+11,1.4557E+11,1.62874E+11,2.08163E+11,2.37738E+11,2.69677E+11,3.17698E+11,3.67722E+11,4.22871E+11,4.6619E+11,6.10652E+11,5.82508E+11,6.40733E+11,7.03453E+11,
United States,USA,Expense (current LCU),GC.XPN.TOTL.CN,,,,,,,,,,,,,2.2766E+11,2.5509E+11,2.7633E+11,3.2806E+11,3.6967E+11,4.081E+11,4.4971E+11,4.9712E+11,5.8701E+11,6.7363E+11,7.5112E+11,8.2866E+11,8.6689E+11,9.6216E+11,1.01808E+12,1.03777E+12,1.10124E+12,1.17701E+12,1.28559E+12,1.40925E+12,1.42263E+12,1.46893E+12,1.51075E+12,1.56867E+12,1.61506E+12,1.66316E+12,1.69668E+12,1.74367E+12,1.83764E+12,2.06514E+12,2.19617E+12,2.36785E+12,2.49865E+12,2.70542E+12,2.84574E+12,3.02046E+12,3.36653E+12,3.70384E+12,3.92184E+12,3.95455E+12,3.88725E+12,3.86436E+12,3.98399E+12,4.09903E+12,4.22656E+12,4.35291E+12,4.59705E+12,4.85642E+12,6.91198E+12
Uzbekistan,UZB,Expense (current LCU),GC.XPN.TOTL.CN,,,,,,,,,,,,,,,,,,,,,,,,,,,,,,,,,,,,,,,,,,,,,,,,,,,,1.47748E+13,1.81919E+13,2.32252E+13,2.79673E+13,3.33467E+13,3.66145E+13,4.53106E+13,6.96423E+13,8.93933E+13,
St. Vincent and the Grenadines,VCT,Expense (current LCU),GC.XPN.TOTL.CN,,,,,,,,,,,,,,,,,,,,,,,,,,,,,,,,,,,,,,,,,240641000,258697000,273077000,272511000,288104000,323872870,355438752,378820994,431321104,469763029,473152649,495164798,488916313,491257630,508910000,512900000,514630000,563610000,,,
"Venezuela, RB",VEN,Expense (current LCU),GC.XPN.TOTL.CN,,,,,,,,,,,,,,,,,,,,,,,,,,,,,,,,,,,,,,,,,,,,,,,,,,,,,,,,,,,,,
British Virgin Islands,VGB,Expense (current LCU),GC.XPN.TOTL.CN,,,,,,,,,,,,,,,,,,,,,,,,,,,,,,,,,,,,,,,,,,,,,,,,,,,,,,,,,,,,,
Virgin Islands (U.S.),VIR,Expense (current LCU),GC.XPN.TOTL.CN,,,,,,,,,,,,,,,,,,,,,,,,,,,,,,,,,,,,,,,,,,,,,,,,,,,,,,,,,,,,,
Vietnam,VNM,Expense (current LCU),GC.XPN.TOTL.CN,,,,,,,,,,,,,,,,,,,,,,,,,,,,,,,,,,,,,,,,,,,,,,,,,,,,,,,,,,,,,
Vanuatu,VUT,Expense (current LCU),GC.XPN.TOTL.CN,,,,,,,,,,,,,,,,,,,,,,,,,,,,,,,3893000000,,,,,5781000000,6481000000,6424000000,6401000000,6509000000,,,,,,,,,,13272000000,15108900000,15614700000,15755420000,15694110000,17267716200,19152089000,21648833855,25552600000,25819310331,29915026207,
World,WLD,Expense (current LCU),GC.XPN.TOTL.CN,,,,,,,,,,,,,,,,,,,,,,,,,,,,,,,,,,,,,,,,,,,,,,,,,,,,,,,,,,,,,
Samoa,WSM,Expense (current LCU),GC.XPN.TOTL.CN,,,,,,,,,,,,,,,,,,,,,,,,,,,,,,,,,,,,,,,,,,,,,,,,,,,,,512493253,524061718.3,568681118.1,571447886.7,551190170.5,547868562.9,585100980.2,643729515.7,
Kosovo,XKX,Expense (current LCU),GC.XPN.TOTL.CN,,,,,,,,,,,,,,,,,,,,,,,,,,,,,,,,,,,,,,,,,,,,,,,,,,,,,,,,,,,,,
"Yemen, Rep.",YEM,Expense (current LCU),GC.XPN.TOTL.CN,,,,,,,,,,,,,,,,,,,,,,,,,,,,,,,,,,,,,,,,,,,,,,,,,,,,,,,,,,,,,
South Africa,ZAF,Expense (current LCU),GC.XPN.TOTL.CN,,,,,,,,,,,,,2914000000,3482000000,4512000000,5590000000,6630000000,7431000000,8540000000,10227000000,12302000000,15319000000,19349000000,24060000000,28315000000,34519000000,42308000000,49980000000,60729000000,70834000000,82849000000,93093000000,1.17029E+11,1.40227E+11,1.4069E+11,1.62526E+11,1.89617E+11,2.00972E+11,2.1716E+11,2.34231E+11,2.57343E+11,2.83805E+11,3.22214E+11,3.69179E+11,4.23057E+11,4.70304E+11,5.31719E+11,6.12019E+11,7.09766E+11,8.08587E+11,8.73417E+11,9.77247E+11,1.07643E+12,1.22844E+12,1.30605E+12,1.45259E+12,1.50747E+12,1.66696E+12,1.8391E+12,1.93488E+12,
Zambia,ZMB,Expense (current LCU),GC.XPN.TOTL.CN,,,,,,,,,,,,,,,,,,,,,,,,,,,,,,,,,,,,,,,1291800000,1303500000,,2085233348,2614386227,3652856146,5186640030,7347492183,6543200000,8308207036,10991772907,11215672992,14260462788,16529372473,21702188220,27017586102,33838655981,42606352332,48424716528,51521030501,55339551723,65967011556,
Zimbabwe,ZWE,Expense (current LCU),GC.XPN.TOTL.CN,,,,,,,,,,,,,,,,,,,,,,,,,,,,,,,,,,,,,,,,,,,,,,,,,,914918449.5,1941219924,2690222223,3459223600,,,4353839963,5185735678,6262639984,7641667040,,
